timestamp,Open,High,Low,Close,Volume
2024-07-01 00:00:00+00:00,62673.60547,63700.45313,62510.22656,63351.42969,3411406848
2024-07-01 04:00:00+00:00,63354.83984,63378.5,63182.46875,63222.17188,596051968
2024-07-01 08:00:00+00:00,63221.78125,63234.88672,62542.01172,62579.61719,1171578880
2024-07-01 12:00:00+00:00,62605.10547,62986.11328,62495.51172,62954.14063,2235981824
2024-07-01 16:00:00+00:00,63032.69531,63777.22656,62898.21094,63068.75,3240763392
2024-07-01 20:00:00+00:00,63210.92969,63332.01563,62768.28516,62857.39844,0
2024-07-02 00:00:00+00:00,62844.41016,63185.38672,62751.875,63086.20703,0
2024-07-02 04:00:00+00:00,63078.71484,63151.44141,62510.61719,62548.40234,384098304
2024-07-02 08:00:00+00:00,62548.27734,62746.19141,62375.78125,62715.29297,366882816
2024-07-02 12:00:00+00:00,62729.69922,63015.03125,61825.62891,61944.05469,964747264
2024-07-02 16:00:00+00:00,61864.97266,62282.83594,61752.96094,61887.84766,0
2024-07-02 20:00:00+00:00,61816.31641,62076.59375,61795.6875,62028.87109,76941312
2024-07-03 00:00:00+00:00,62034.33203,62187.70313,60706.86719,60876.35156,2389217280
2024-07-03 04:00:00+00:00,60887.04688,61079.38281,60736.66797,60800.53906,464195584
2024-07-03 08:00:00+00:00,60795.5625,60889.93359,59723.20703,60289.82031,3413688320
2024-07-03 12:00:00+00:00,60287.16406,60532.96484,59670.07422,60104.15625,1973544960
2024-07-03 16:00:00+00:00,60100.25,60555.49609,59722.01172,59722.01172,1369956352
2024-07-03 20:00:00+00:00,59623.67188,60287.89453,59419.38672,60226.25,1718136832
2024-07-04 00:00:00+00:00,60147.13672,60399.67578,57932.60547,59092.90625,4095684608
2024-07-04 04:00:00+00:00,59067.04297,59067.78516,58097.54688,58163.98828,1935245312
2024-07-04 08:00:00+00:00,58222.79297,58416.57813,57043.95703,57716.25391,3193069568
2024-07-04 12:00:00+00:00,57720.40234,58165.55469,56777.80469,58100.37109,2973614080
2024-07-04 16:00:00+00:00,58084.17188,58605.79688,57758.82813,58271.23828,678948864
2024-07-04 20:00:00+00:00,58264.90234,58727.57813,56964.8125,57087.01953,1789427712
2024-07-05 00:00:00+00:00,57022.80859,57402.45703,55193.66016,55213.26563,6625169408
2024-07-05 04:00:00+00:00,55209.61719,55315.03125,53717.375,54373.44141,7069265920
2024-07-05 08:00:00+00:00,54391.95703,55614.73047,53906.56641,55450.66406,2493640704
2024-07-05 12:00:00+00:00,55474.58594,56583.42188,54839.41797,56583.42188,2398400512
2024-07-05 16:00:00+00:00,56651.08984,56856.60938,55942.58594,56523.53516,2842021888
2024-07-05 20:00:00+00:00,56487.83203,56838.92969,56339.07031,56686.45703,168611840
2024-07-06 00:00:00+00:00,56659.07422,56979.01953,56218.74609,56400.86719,0
2024-07-06 04:00:00+00:00,56407.0625,56661.61719,56038.96094,56589.13672,0
2024-07-06 08:00:00+00:00,56590.4375,56845.01953,56463.41406,56747.22656,0
2024-07-06 12:00:00+00:00,56734.42969,57391.26953,56540.32813,57321.34766,0
2024-07-06 16:00:00+00:00,57314.10156,58009.84375,57217.34375,57872.51172,0
2024-07-06 20:00:00+00:00,57871.98438,58461.88672,57846.90234,58269.25781,236269568
2024-07-07 00:00:00+00:00,58239.42969,58371.12109,57865.63281,57951.98047,369371136
2024-07-07 04:00:00+00:00,57947.43359,57965.54688,57101.78125,57360.07031,547921920
2024-07-07 08:00:00+00:00,57366.69531,57907.99609,57363.3125,57452.21484,263546880
2024-07-07 12:00:00+00:00,57441.85938,57584.30469,56643.87891,56847.10547,340377600
2024-07-07 16:00:00+00:00,56831.45703,57344.78516,56778.05469,57139.99609,0
2024-07-07 20:00:00+00:00,57139.77344,57286.76172,55793.32422,55938.97656,1303388160
2024-07-08 00:00:00+00:00,55849.57422,56012.96875,54397.46875,55173.72656,4593020928
2024-07-08 04:00:00+00:00,55169.28125,55896.65234,55006.11328,55861.88281,1246646272
2024-07-08 08:00:00+00:00,55859.4375,57866.69531,55775.84375,57087.47656,6570932224
2024-07-08 12:00:00+00:00,57140.11719,57402.55078,55240.58203,55790.64063,5178525696
2024-07-08 16:00:00+00:00,55760.28125,56528.20703,55452.32813,56482.82422,2565926912
2024-07-08 20:00:00+00:00,56497.82422,56929.48438,56213.87109,56681.23828,348434432
2024-07-09 00:00:00+00:00,56704.59766,57296.75391,56316.875,57151.21875,0
2024-07-09 04:00:00+00:00,57159.79688,57698.69141,57039.28516,57050.08984,262742016
2024-07-09 08:00:00+00:00,57102.33984,57854.52344,57029.87891,57429.03906,0
2024-07-09 12:00:00+00:00,57442.73828,58059.88281,57014.14844,57483.55078,0
2024-07-09 16:00:00+00:00,57483.67969,58178.42188,57413.90234,57797.86719,508831744
2024-07-09 20:00:00+00:00,57855.62891,58179.28906,57741.875,57987.71484,108615680
2024-07-10 00:00:00+00:00,58033.88281,58153.20703,57423.11328,58140.625,0
2024-07-10 04:00:00+00:00,58173.05859,59359.43359,58173.05859,58981.94141,2024947712
2024-07-10 08:00:00+00:00,58985.63281,59027.37891,58357.82031,58484.85547,327135232
2024-07-10 12:00:00+00:00,58485.89453,58550.83594,57543.03125,57739.58203,1111060480
2024-07-10 16:00:00+00:00,57715.05859,57955.97656,57383.26953,57451.97266,27303936
2024-07-10 20:00:00+00:00,57421.57422,57853.72266,57179.38281,57714.45313,242972672
2024-07-11 00:00:00+00:00,57729.89063,58332.49609,57120.37891,57563.20313,1035649024
2024-07-11 04:00:00+00:00,57556.42969,58227.38672,57501.76563,58196.52734,159219712
2024-07-11 08:00:00+00:00,58188.99219,58865.97656,58070.46094,58782.01953,552099840
2024-07-11 12:00:00+00:00,58777.85938,59299.43359,57309.40625,57328.76953,2925742080
2024-07-11 16:00:00+00:00,57404.11719,57989.40234,57223.55078,57410.52344,160884736
2024-07-11 20:00:00+00:00,57380.90625,57585.20703,57173.18359,57370.72266,494471168
2024-07-12 00:00:00+00:00,57341.19531,57579.83203,56590.17578,56924.46875,648710144
2024-07-12 04:00:00+00:00,56919.07813,57387.36328,56740.52734,57062.8125,124329984
2024-07-12 08:00:00+00:00,57119.13281,57314.71484,56800.18359,57173.66406,320299008
2024-07-12 12:00:00+00:00,57204.58984,58248.35156,57170.57031,58248.35156,0
2024-07-12 16:00:00+00:00,58224.5,58532.55469,57716.25781,57729.24609,856498176
2024-07-12 20:00:00+00:00,57609.15234,57908.38672,57187.01172,57908.38672,556075008
2024-07-13 00:00:00+00:00,57908.73828,57973.625,57799.55859,57833.48047,0
2024-07-13 04:00:00+00:00,57837.71484,58197.28906,57796.89063,58175.32422,78098432
2024-07-13 08:00:00+00:00,58162.37891,58764.69141,57959.41797,58541.57422,497102848
2024-07-13 12:00:00+00:00,58544.49609,58864.72656,58467.14844,58833.90625,0
2024-07-13 16:00:00+00:00,58839.70703,58941.05859,58605.66016,58659.71094,0
2024-07-13 20:00:00+00:00,58632.99609,59761.45313,58375.28125,59238.58203,2718115840
2024-07-14 00:00:00+00:00,59250.76953,59826.54688,59250.76953,59479.71094,1443874816
2024-07-14 04:00:00+00:00,59481.64453,60320.78906,59471.03125,60122.55078,2763812864
2024-07-14 08:00:00+00:00,60140.26953,60395.13672,59950.97656,60115.55469,756506624
2024-07-14 12:00:00+00:00,60124.77734,60172.74219,59546.60547,60115.5,404418560
2024-07-14 16:00:00+00:00,60101.93359,60164.96875,59927.12109,59933.20313,159629312
2024-07-14 20:00:00+00:00,59931.60547,61329.52734,59909.26953,60748.80859,2062565376
2024-07-15 00:00:00+00:00,60815.45703,62797.51172,60704.92969,62668.26953,4004227072
2024-07-15 04:00:00+00:00,62681.94922,63088.67578,62498.85547,62900.38672,956704768
2024-07-15 08:00:00+00:00,62886.80859,63207.09766,62340.125,62487.83203,1629499392
2024-07-15 12:00:00+00:00,62478.85938,63310.42188,62478.85938,63043.51563,2916900864
2024-07-15 16:00:00+00:00,63061.41016,63845.18359,62926.81641,63365.67188,5865250816
2024-07-15 20:00:00+00:00,63437.32422,64863.97266,63340.53516,64863.97266,2421411840
2024-07-16 00:00:00+00:00,64784.41797,64977.22656,64507.49609,64785.95313,429400064
2024-07-16 04:00:00+00:00,64787.59375,64989.93359,62795.35547,62907.89063,2718089216
2024-07-16 08:00:00+00:00,62921.27344,63857.41406,62487.96875,63749.66016,2139238400
2024-07-16 12:00:00+00:00,63774.09766,64973.22266,63155.95703,64916.21484,2493865984
2024-07-16 16:00:00+00:00,64906.96484,65161.21094,64233.82031,65092.40234,722722816
2024-07-16 20:00:00+00:00,65194.87109,65354.33984,64207.875,65128.67578,418992128
2024-07-17 00:00:00+00:00,65091.83203,66066.73438,65013.94531,65762.15625,1531060224
2024-07-17 04:00:00+00:00,65735.54688,65994.60156,65268.04688,65306.73828,0
2024-07-17 08:00:00+00:00,65298.01563,65511.57422,64613.14063,64729.54688,0
2024-07-17 12:00:00+00:00,64723.17578,65366.55859,64599.3125,64768.36328,0
2024-07-17 16:00:00+00:00,64763.55469,64763.55469,63896.08594,64623.66797,1409024
2024-07-17 20:00:00+00:00,64581.16016,64668.83984,64098.87109,64149.41797,62547968
2024-07-18 00:00:00+00:00,64104.73828,65040.46484,63942.84766,64856.08984,441993216
2024-07-18 04:00:00+00:00,64861.33984,65046.02734,64441.74609,64723.67578,212070400
2024-07-18 08:00:00+00:00,64703.83203,64956.32813,64473.24219,64741.88281,0
2024-07-18 12:00:00+00:00,64756.58594,65104.66016,63467.08984,63526.14453,1131649024
2024-07-18 16:00:00+00:00,63540.21094,63967.65625,63246.16406,63630.78516,443834368
2024-07-18 20:00:00+00:00,63532.99219,64089.09375,63446.00781,63970.97656,150499328
2024-07-19 00:00:00+00:00,63972.32422,64334.42969,63329.34375,64294.0625,591589376
2024-07-19 04:00:00+00:00,64305.70313,64447.37891,63664.02344,63718.60938,685481984
2024-07-19 08:00:00+00:00,63700.83203,64132.88281,63433.88672,64102.98047,1211928576
2024-07-19 12:00:00+00:00,64093.04688,65833.8125,64056.07422,65800.35156,2807347200
2024-07-19 16:00:00+00:00,65822.46875,67413.28125,65822.46875,67310.10938,5356750848
2024-07-19 20:00:00+00:00,67214.76563,67377.69531,66691.08594,66707.69531,1387261952
2024-07-20 00:00:00+00:00,66707.67188,66854.44531,66304.03125,66661.25,184594432
2024-07-20 04:00:00+00:00,66654.88281,66785.07031,66481.70313,66620.19531,0
2024-07-20 08:00:00+00:00,66609.63281,66775.07031,66514.8125,66531.1875,0
2024-07-20 12:00:00+00:00,66525.78906,66832.21875,66364.625,66824.20313,0
2024-07-20 16:00:00+00:00,66841.10156,67610.73438,66748.66406,67271.13281,23293952
2024-07-20 20:00:00+00:00,67262.03125,67454.30469,66896.71875,67152.60156,357566464
2024-07-21 00:00:00+00:00,67166.47656,67403.6875,67007.39063,67203.60156,0
2024-07-21 04:00:00+00:00,67207.04688,67249.28906,66675.375,66704.41406,436971520
2024-07-21 08:00:00+00:00,66720.53906,67084.875,66720.53906,66895.90625,39618560
2024-07-21 12:00:00+00:00,66898.44531,67501.29688,66670.95313,67181.42969,1603835904
2024-07-21 16:00:00+00:00,67197.3125,67694.94531,65942.51563,67441.24219,4423315456
2024-07-21 20:00:00+00:00,67439.74219,68282.25,67312.82813,68141.125,2766905344
2024-07-22 00:00:00+00:00,68167.9375,68458.24219,67795.29688,67889.71094,1885618176
2024-07-22 04:00:00+00:00,67890.71094,68002.5,67217.47656,67275.57031,1058111488
2024-07-22 08:00:00+00:00,67265.96094,67557.11719,67018.04688,67557.11719,1413160960
2024-07-22 12:00:00+00:00,67530.64844,67956.75,66682.625,67095.53906,12666025984
2024-07-22 16:00:00+00:00,67075.72656,68246.30469,66896.00781,68237.14844,3166138368
2024-07-22 20:00:00+00:00,68248.01563,68248.01563,67323.54688,67559.72656,331190272
2024-07-23 00:00:00+00:00,67571.1875,67763.875,67260.82031,67475.07813,121638912
2024-07-23 04:00:00+00:00,67496.25781,67547.5,66292.22656,66552.34375,1376919552
2024-07-23 08:00:00+00:00,66579.375,67158.63281,66497.76563,66703.61719,1903214592
2024-07-23 12:00:00+00:00,66694.82813,67348.85156,66013.58594,66569.625,0
2024-07-23 16:00:00+00:00,66612.25781,66732.73438,65533.15234,65560.09375,634216448
2024-07-23 20:00:00+00:00,65567.57813,66032.16406,65555.13281,65913.75781,445681664
2024-07-24 00:00:00+00:00,65944.32813,66109.02344,65486.36328,66053.96875,209965056
2024-07-24 04:00:00+00:00,66049.25,66049.25,65644.30469,66038.35156,0
2024-07-24 08:00:00+00:00,66062.07813,66555.66406,66016.39063,66397.78906,0
2024-07-24 12:00:00+00:00,66378.50781,67075.61719,66174.33594,66240.25,0
2024-07-24 16:00:00+00:00,66223.17969,66697.9375,65602.98438,65725.20313,128342016
2024-07-24 20:00:00+00:00,65655.88281,66058.50781,65158.00781,65396.17969,976248832
2024-07-25 00:00:00+00:00,65370.26563,65590.05469,63950.72266,64130.23047,5378992128
2024-07-25 04:00:00+00:00,64101.27734,64362.44141,63871.79688,64133.95313,1508096000
2024-07-25 08:00:00+00:00,64119.34766,64435.12891,63926.98047,64112.49609,894373888
2024-07-25 12:00:00+00:00,64085.22266,64946.78125,63489.24609,64689.26563,1877012480
2024-07-25 16:00:00+00:00,64751.71094,65136.73828,64411.41797,64781.13672,611778560
2024-07-25 20:00:00+00:00,64674.81641,66076.89844,64494.94922,65778.11719,1069150208
2024-07-26 00:00:00+00:00,65783.67188,67427.41406,65756.99219,67049.49219,386465792
2024-07-26 04:00:00+00:00,67045.38281,67166.57813,66874.58594,66902.19531,74842112
2024-07-26 08:00:00+00:00,66901.00781,67455.85156,66901.00781,67333.38281,394256384
2024-07-26 12:00:00+00:00,67311.625,67967.23438,66933.21875,67551.75,508856320
2024-07-26 16:00:00+00:00,67565.94531,68097.39844,67325.0625,67976.99219,186112000
2024-07-26 20:00:00+00:00,68009.71094,68204.50781,67443.32813,67931.21875,0
2024-07-27 00:00:00+00:00,67914.21875,68050.36719,67672.94531,67814.76563,0
2024-07-27 04:00:00+00:00,67813.66406,68287.75781,67808.53125,68058.58594,0
2024-07-27 08:00:00+00:00,68065.92188,68264.6875,67924.00781,68228.71875,0
2024-07-27 12:00:00+00:00,68228.82813,69371.47656,68228.82813,68845.39844,510076928
2024-07-27 16:00:00+00:00,68856.29688,68995.72656,67951.86719,68168.16406,1373284352
2024-07-27 20:00:00+00:00,68280.23438,69086.53906,66828.08594,67843,10027909120
2024-07-28 00:00:00+00:00,67808.67969,68268.39063,67359.09375,67975.28125,1212313600
2024-07-28 04:00:00+00:00,67953.42969,68016.04688,67092.21875,67544.78125,1133060096
2024-07-28 08:00:00+00:00,67549.85156,67980.25,67286.00781,67865.45313,390705152
2024-07-28 12:00:00+00:00,67851.13281,68099.71875,67609.60938,67651.29688,0
2024-07-28 16:00:00+00:00,67647.55469,68284.84375,67636.14844,68135.72656,0
2024-07-28 20:00:00+00:00,68121.16406,68258.53125,67838.08594,68258.53125,0
2024-07-29 00:00:00+00:00,68246.88281,69742.82813,68183.28125,69344.88281,3385716736
2024-07-29 04:00:00+00:00,69346.32813,69822.39844,69281.28125,69508.28906,1408776192
2024-07-29 08:00:00+00:00,69521.64844,69808.96875,69392.75,69618,1229273088
2024-07-29 12:00:00+00:00,69593.95313,69973.35156,67698.26563,68098.10938,7949594624
2024-07-29 16:00:00+00:00,68081.875,68081.875,66591.375,67271.28125,7092752384
2024-07-29 20:00:00+00:00,67285.90625,67551.26563,66636.39063,66815.60938,1693335552
2024-07-30 00:00:00+00:00,66786.76563,66833.82813,65931.36719,66593.69531,1058283520
2024-07-30 04:00:00+00:00,66600.96094,66975.71094,66363.29688,66914.47656,0
2024-07-30 08:00:00+00:00,66928.51563,66972.85156,66447.76563,66599.39063,5189632
2024-07-30 12:00:00+00:00,66590.66406,66861.83594,65578.46094,66244.61719,0
2024-07-30 16:00:00+00:00,66195.73438,66507.75781,65581.36719,65955.30469,346681344
2024-07-30 20:00:00+00:00,65894.88281,66323.61719,65323.19141,66215.20313,1435027456
2024-07-31 00:00:00+00:00,66187.63281,66392.34375,65926.6875,66066.51563,0
2024-07-31 04:00:00+00:00,66054.32813,66518.70313,65513.51563,66217.53125,1078779904
2024-07-31 08:00:00+00:00,66199.8125,66336.32813,65953.9375,66052.73438,14891008
2024-07-31 12:00:00+00:00,66054.9375,66796.34375,65987.23438,66358.28906,451168256
2024-07-31 16:00:00+00:00,66356.75,66789.84375,65022.71875,65178.96875,2285111296
2024-07-31 20:00:00+00:00,65232.01563,65350.65625,64534.34375,64666.22266,2406082560
2024-08-01 00:00:00+00:00,64630.86328,64797.52344,63746.00391,63908.42188,3776870400
2024-08-01 04:00:00+00:00,63907.96484,64426.375,63584.74609,64300.62109,1076932608
2024-08-01 08:00:00+00:00,64293.21484,64636.66797,64293.21484,64630.76953,555802624
2024-08-01 12:00:00+00:00,64642.62891,64899.66797,62703.38672,63003.41016,658644992
2024-08-01 16:00:00+00:00,62884.32031,63387.35156,62271.56641,63345.38672,3938365440
2024-08-01 20:00:00+00:00,63387.30469,65519.27734,63306.89453,65382.48828,1954516992
2024-08-02 00:00:00+00:00,65306.31641,65486.58594,63686.57422,64540.88672,0
2024-08-02 04:00:00+00:00,64541.76172,64578.37891,63813.12891,64149.44141,823271424
2024-08-02 08:00:00+00:00,64117.50781,64901.74609,64034.09375,64606.53516,996405248
2024-08-02 12:00:00+00:00,64608.77344,65468.81641,62436.82422,63560.19531,4605415424
2024-08-02 16:00:00+00:00,63386.43359,63531.0625,62473.60547,62631.49219,256012288
2024-08-02 20:00:00+00:00,62571.53516,63095.58203,61195.23047,61405.73438,1175678976
2024-08-03 00:00:00+00:00,61416.25,61886.89063,60496.85938,61814.33594,2535747584
2024-08-03 04:00:00+00:00,61830.83594,61906.55078,61349.51172,61639.07422,19619840
2024-08-03 08:00:00+00:00,61631.51172,61945.37109,61424.125,61861.44922,0
2024-08-03 12:00:00+00:00,61872.13281,62132.21094,60856.28125,60856.28125,0
2024-08-03 16:00:00+00:00,60866.6875,61201.33203,59922.96484,60235.23047,2140110848
2024-08-03 20:00:00+00:00,60209.91016,60784.52344,59867.10938,60687.04297,0
2024-08-04 00:00:00+00:00,60676.17578,61042.875,60313.30078,60704.04297,0
2024-08-04 04:00:00+00:00,60705.94922,60864.73828,60253.92188,60314.13672,54525952
2024-08-04 08:00:00+00:00,60318.66797,60943.13281,60110.07813,60855.28516,227921920
2024-08-04 12:00:00+00:00,60870.36328,61048.17578,58968.98438,58968.98438,2455703552
2024-08-04 16:00:00+00:00,59029.80469,59430.41016,57298.94922,59314.19531,3459522560
2024-08-04 20:00:00+00:00,59237.59375,59502.875,58008.05859,58083.83984,775249920
2024-08-05 00:00:00+00:00,58143.09766,58258.73828,52968.73438,54056.43359,19495444480
2024-08-05 04:00:00+00:00,53870.10156,54551.96484,49679.59766,52740.91406,22140559360
2024-08-05 08:00:00+00:00,52679.60547,53067.79688,50718.61328,51435.57813,10701561856
2024-08-05 12:00:00+00:00,51361.18359,54960.63672,49578.88672,54280.30078,20465696768
2024-08-05 16:00:00+00:00,54357.67969,55474.71484,52596.85547,53406.13672,3275563008
2024-08-05 20:00:00+00:00,53483.44141,55088.13281,53483.44141,54017.78906,2503467008
2024-08-06 00:00:00+00:00,54004.31641,56233.51172,54004.31641,55693.62109,0
2024-08-06 04:00:00+00:00,55693.52734,56172.68359,55327.10547,56125.76172,0
2024-08-06 08:00:00+00:00,56058.35547,56085.3125,54691.24609,55258.25391,0
2024-08-06 12:00:00+00:00,55247.42578,56548.04688,54528.91016,56371.8125,0
2024-08-06 16:00:00+00:00,56419.10547,57052.43359,56362.82422,56796.25781,0
2024-08-06 20:00:00+00:00,56795.41406,56924.83203,55937.20313,56002.98828,168919040
2024-08-07 00:00:00+00:00,56061.51953,57268.41406,55656.97266,56914.40625,379301888
2024-08-07 04:00:00+00:00,56914.29297,57264.75391,56630.55859,56953.07422,65073152
2024-08-07 08:00:00+00:00,56954.38281,57688.93359,56945.69141,57014.78516,0
2024-08-07 12:00:00+00:00,56989.32031,57479.05078,55718.8125,56098.80469,0
2024-08-07 16:00:00+00:00,56110.88281,56311.80469,54712.91406,54799.23047,733868032
2024-08-07 20:00:00+00:00,54767.08594,55563.44141,54635.27344,55041.60547,791023616
2024-08-08 00:00:00+00:00,55139.54688,57630.30859,54859.27734,57142.47266,1432268800
2024-08-08 04:00:00+00:00,57096.89063,57417.01953,56717.71094,57213.13281,18202624
2024-08-08 08:00:00+00:00,57209.41797,57633.75391,57060.97266,57383.94141,0
2024-08-08 12:00:00+00:00,57346.05469,59515.77734,56977.88281,59515.77734,3503742976
2024-08-08 16:00:00+00:00,59467.75,59847.44531,59356.77344,59359.70703,1261256704
2024-08-08 20:00:00+00:00,59427.99219,62600.58594,59379.625,61784.67969,4841627648
2024-08-09 00:00:00+00:00,61709.95313,61709.95313,60853.68359,61334.44141,410607616
2024-08-09 04:00:00+00:00,61366.41016,61384.14453,60657.94531,60855.76953,382738432
2024-08-09 08:00:00+00:00,60872.79297,61217.19922,60213.42969,60706.33594,716361728
2024-08-09 12:00:00+00:00,60692.60156,61077.17578,59588.76172,59900.80469,93515776
2024-08-09 16:00:00+00:00,59837.37891,60720.32813,59837.37891,60716.93359,15609856
2024-08-09 20:00:00+00:00,60699.11719,61003.40234,60054.65625,60925.35547,0
2024-08-10 00:00:00+00:00,60864.0625,61436.87109,60358.63281,60450.32031,0
2024-08-10 04:00:00+00:00,60452.53125,60849.39453,60310.79297,60849.39453,0
2024-08-10 08:00:00+00:00,60864.72656,61122.17969,60671.63281,60915.02344,0
2024-08-10 12:00:00+00:00,60930.25,60951.94922,60446.1875,60612.91797,0
2024-08-10 16:00:00+00:00,60553.97656,61178.91797,60456.89063,61023.70313,0
2024-08-10 20:00:00+00:00,61044.375,61176.50391,60805.86328,60896.32031,0
2024-08-11 00:00:00+00:00,60943.375,61369.48828,60924.76172,61114.94531,162600960
2024-08-11 04:00:00+00:00,61125.50391,61265.99219,60913.94531,61263.80859,144512000
2024-08-11 08:00:00+00:00,61266.66406,61734.01563,60534.35547,60699.39063,1442156544
2024-08-11 12:00:00+00:00,60698.17969,60722.73438,60096.40234,60147.92578,1887832064
2024-08-11 16:00:00+00:00,60145.35156,60344.97656,59599.89063,59694.50391,899692544
2024-08-11 20:00:00+00:00,59654.87109,59654.87109,58424.17969,58757.77344,4229566464
2024-08-12 00:00:00+00:00,58725.26172,59054.5,58312.54297,58522.51563,2141014016
2024-08-12 04:00:00+00:00,58524.17969,58917.29297,57712.96875,58679.56641,2562713600
2024-08-12 08:00:00+00:00,58688.00781,59974.5,58189.00391,59889.01563,2629695488
2024-08-12 12:00:00+00:00,59890.17578,60600.03516,57882.33203,60133.79297,6252691456
2024-08-12 16:00:00+00:00,60210.66406,60365.91797,58514.85156,58996.375,2475728896
2024-08-12 20:00:00+00:00,59048.03516,59724.52734,58622,59342.12109,387465216
2024-08-13 00:00:00+00:00,59358.06641,59905.5,58922.33984,59026.88672,440176640
2024-08-13 04:00:00+00:00,59049.44922,59467.92578,58876.08594,59244.74609,195219456
2024-08-13 08:00:00+00:00,59246.00781,59314,58519.14844,58805.73047,0
2024-08-13 12:00:00+00:00,58823.94141,59762.51172,58816.88672,59514.125,250710016
2024-08-13 16:00:00+00:00,59517.42969,61546.75391,59513.88672,60869.98047,2949113856
2024-08-13 20:00:00+00:00,60856.41016,61129.11328,60442.53125,60592.33203,147539968
2024-08-14 00:00:00+00:00,60603.26563,61313.94141,60479.19922,61008.53906,0
2024-08-14 04:00:00+00:00,60989.54688,61163.50391,60716.46484,60933.01172,43286528
2024-08-14 08:00:00+00:00,60939.51953,61433.57813,60677.07422,61328.00391,474091520
2024-08-14 12:00:00+00:00,61339.41016,61679.02734,58937.75781,59531.51953,4631347200
2024-08-14 16:00:00+00:00,59459.28516,59459.28516,58753.00391,58998.50391,0
2024-08-14 20:00:00+00:00,58913.53516,59166.01563,58584.50391,58749.32031,110475264
2024-08-15 00:00:00+00:00,58712.96875,59024.05078,58114.46875,58443.11719,1908850688
2024-08-15 04:00:00+00:00,58447.6875,58605.70313,57806.08594,58092.91797,1174220800
2024-08-15 08:00:00+00:00,58062.97266,58817.75,57988.67578,58734.46094,347975680
2024-08-15 12:00:00+00:00,58747.00391,59748.09375,58645.07813,59727.22656,0
2024-08-15 16:00:00+00:00,59713.40234,59838.64844,56795.96875,57130.74219,3726270464
2024-08-15 20:00:00+00:00,57056.39844,57879.11719,56231.78516,57589.0625,3216191488
2024-08-16 00:00:00+00:00,57557.40234,58319.4375,57173.87891,57882.04688,511201280
2024-08-16 04:00:00+00:00,57901.79297,58612.98438,57847.91016,58473.86328,136151040
2024-08-16 08:00:00+00:00,58466.63672,58661.03125,58286.1875,58411.83984,94707712
2024-08-16 12:00:00+00:00,58415.47266,58809.11328,57632.81641,58111.36719,711815168
2024-08-16 16:00:00+00:00,58097.125,59816.87891,58053.33203,59647.03125,508784640
2024-08-16 20:00:00+00:00,59704.30078,59714.39453,58786.75391,58921.33594,0
2024-08-17 00:00:00+00:00,58897.42578,59394.52344,58847.14453,59169.58594,0
2024-08-17 04:00:00+00:00,59166.42188,59264.89844,59085.94922,59254.83594,0
2024-08-17 08:00:00+00:00,59264.83984,59453.76953,59094.57813,59131.69922,0
2024-08-17 12:00:00+00:00,59141.12891,59624.29297,59131.47266,59403.32813,0
2024-08-17 16:00:00+00:00,59402.10547,59669.03906,59336.44531,59484.75,0
2024-08-17 20:00:00+00:00,59486.90234,59503.22656,59197.46875,59446.26172,0
2024-08-18 00:00:00+00:00,59486.19141,60123.96094,59354.28516,59354.28516,1036849152
2024-08-18 04:00:00+00:00,59353.17188,59654.69922,59343.99219,59575,434192384
2024-08-18 08:00:00+00:00,59581.84766,60172.01563,59494.69141,59999.40625,990436352
2024-08-18 12:00:00+00:00,60018.01953,60262.71875,59693.14844,59867.98047,656986112
2024-08-18 16:00:00+00:00,59872.60547,59950.96484,59447.88281,59689.89453,203642880
2024-08-18 20:00:00+00:00,59704.01563,59840.73438,58453.65234,58482.74609,1546002432
2024-08-19 00:00:00+00:00,58454.41016,58754.55078,58294.17969,58751.98438,2359435264
2024-08-19 04:00:00+00:00,58740.70703,58750.43359,58398.28125,58522.84766,508084224
2024-08-19 08:00:00+00:00,58522.25,58669.96484,57917.34766,58477.63672,1266026496
2024-08-19 12:00:00+00:00,58440.60547,58966.67969,58191.14063,58610.63672,2516783104
2024-08-19 16:00:00+00:00,58557.67578,59275.36328,58424.67578,59132.34375,2065854464
2024-08-19 20:00:00+00:00,59006.59375,59586.98047,58960.30078,59541.63672,638130176
2024-08-20 00:00:00+00:00,59470.12109,60860.58203,59400.14844,60628.04297,1081661440
2024-08-20 04:00:00+00:00,60667.64844,61334.30469,60649.48828,60937.66406,2249703424
2024-08-20 08:00:00+00:00,60941.33984,60994.03516,60493.25,60537.36328,358617088
2024-08-20 12:00:00+00:00,60546.71094,60954.32422,58725.04297,58821.69922,3667521536
2024-08-20 16:00:00+00:00,58825.54297,59577.50391,58640.54688,59476.61719,939939840
2024-08-20 20:00:00+00:00,59498.49219,59679.28516,59003.51563,59025.03516,591294464
2024-08-21 00:00:00+00:00,59020.79297,59487.89453,58823.44531,59290.36719,0
2024-08-21 04:00:00+00:00,59325.19141,59735.78516,59221.75,59725.23828,88576000
2024-08-21 08:00:00+00:00,59725.60938,59912.37891,59131.49219,59404.83984,622643200
2024-08-21 12:00:00+00:00,59389.72266,60094.10938,58903.64063,59643.42969,825348096
2024-08-21 16:00:00+00:00,59531.67578,61563.75391,59421.49219,61563.75391,3654455296
2024-08-21 20:00:00+00:00,61593.58203,61772.67969,60943.69531,61179.86328,2908313600
2024-08-22 00:00:00+00:00,61168.22656,61222.33984,59835.14453,60602.4375,1505048576
2024-08-22 04:00:00+00:00,60574.74609,61123.61719,60491.05859,61019.30859,1032253440
2024-08-22 08:00:00+00:00,61018.40625,61391.21484,60832.18359,61362.14453,991670272
2024-08-22 12:00:00+00:00,61363.27344,61408.02734,60166.63281,60397.92969,881532928
2024-08-22 16:00:00+00:00,60419.98047,60599.17578,60172.51172,60321.08984,0
2024-08-22 20:00:00+00:00,60301.56641,60684.19922,60301.56641,60386.69922,0
2024-08-23 00:00:00+00:00,60385.07422,60931.99609,60372.06641,60605.57813,207886336
2024-08-23 04:00:00+00:00,60609.80078,61340.76563,60606.23438,61083.23828,613238784
2024-08-23 08:00:00+00:00,61074.99609,61334.41797,60719.47656,60728.44531,32743424
2024-08-23 12:00:00+00:00,60731.26953,62254.89453,60731.26953,61550.59766,5491267584
2024-08-23 16:00:00+00:00,61544.45313,63842.20703,61412.56641,63598.38281,7904391168
2024-08-23 20:00:00+00:00,63673.42969,64879.125,63560.66016,64022.14453,5511192576
2024-08-24 00:00:00+00:00,64089.47266,64224.47656,63683.02344,63898.69531,687538176
2024-08-24 04:00:00+00:00,63885.375,64333.83594,63885.375,64333.83594,42930176
2024-08-24 08:00:00+00:00,64341.62109,64450.52734,63977.41797,63977.41797,247128064
2024-08-24 12:00:00+00:00,63958.13672,64264.53125,63946.98438,63999.71875,4685824
2024-08-24 16:00:00+00:00,64009.43359,64462.22656,63982.28516,64256.72266,0
2024-08-24 20:00:00+00:00,64246.9375,64339.11719,63640.15234,64167.02344,0
2024-08-25 00:00:00+00:00,64178.70703,64450.13281,64036.73828,64138.1875,124585984
2024-08-25 04:00:00+00:00,64142.65234,64226.63672,63835.50781,63900.74219,180721664
2024-08-25 08:00:00+00:00,63905.53125,64034.02344,63837.4375,63895.91797,0
2024-08-25 12:00:00+00:00,63898.30469,64287.38672,63849.88672,64175.07031,629606400
2024-08-25 16:00:00+00:00,64166.23438,64274.06641,64061.77344,64216.73438,0
2024-08-25 20:00:00+00:00,64217.07031,64959.78125,64174.65234,64316.23828,1336033280
2024-08-26 00:00:00+00:00,64290.92188,64487.23828,63841.10547,64122.03516,383080448
2024-08-26 04:00:00+00:00,64140.0625,64214.99609,63627.05859,63657.67188,821100544
2024-08-26 08:00:00+00:00,63652.1875,64040.59766,63422.25391,63915.29688,1759604736
2024-08-26 12:00:00+00:00,63871.16797,63964.65625,63165.44141,63584.94922,3873533952
2024-08-26 16:00:00+00:00,63551.91016,63850.73438,63240.53906,63309.48438,2977847296
2024-08-26 20:00:00+00:00,63328.72656,63576.85938,62853.44141,62887.03516,822843392
2024-08-27 00:00:00+00:00,62856.58594,63196.89844,62702.20703,62988.9375,760135680
2024-08-27 04:00:00+00:00,62985.69531,63189.20313,62767.33984,62899.80078,390340608
2024-08-27 08:00:00+00:00,62905.76172,62999.76172,62255.76563,62422.65234,928874496
2024-08-27 12:00:00+00:00,62419.48047,62471.78906,61530.19141,61659.88281,2221215744
2024-08-27 16:00:00+00:00,61680.55078,62180.92969,61544.55859,61884.26172,403261440
2024-08-27 20:00:00+00:00,62022.38281,62022.38281,58211.71875,59519.43359,8426506240
2024-08-28 00:00:00+00:00,59363.85547,59634.77734,58966.78516,59634.77734,1972535296
2024-08-28 04:00:00+00:00,59599.23047,59642.32813,58616.23438,58616.23438,1408253952
2024-08-28 08:00:00+00:00,58631.05859,60199.6875,58579.80078,59956.07031,2045857792
2024-08-28 12:00:00+00:00,59945.23828,60143.35547,58507.59766,59007.14844,176193536
2024-08-28 16:00:00+00:00,59013.67578,59822.64453,57913.99219,59155.91406,4344246272
2024-08-28 20:00:00+00:00,58903.37109,59522.94531,58889.11719,59031.94922,1529135104
2024-08-29 00:00:00+00:00,59030.64453,59311.53125,58941.50391,59163.23438,0
2024-08-29 04:00:00+00:00,59157.77344,59741.38672,59116.57031,59599.82813,287612928
2024-08-29 08:00:00+00:00,59600.125,60465.23047,59396.78125,60135.00781,839774208
2024-08-29 12:00:00+00:00,60106.28516,61128.07422,60030.33984,60816.88281,1181700096
2024-08-29 16:00:00+00:00,60806.51172,60965.78125,58965.5625,59216.83984,1436403712
2024-08-29 20:00:00+00:00,59284.71094,59635.39453,58888.50391,59379.07813,467099648
2024-08-30 00:00:00+00:00,59374.44141,59472.11328,58924.57813,59069.96875,548814848
2024-08-30 04:00:00+00:00,59047.49609,59576.76563,58707.625,59316,837431296
2024-08-30 08:00:00+00:00,59309.11719,59656.25781,59304.25391,59398.61328,179884032
2024-08-30 12:00:00+00:00,59401.74609,59823.21094,58020.82422,58034.64844,2531307520
2024-08-30 16:00:00+00:00,58088.85156,59347.32422,57925.19531,58793.48047,1214779392
2024-08-30 20:00:00+00:00,58742.90625,59267.74219,58742.90625,59118.36328,0
2024-08-31 00:00:00+00:00,59119.34766,59419.83984,59100.74609,59232.58203,130541568
2024-08-31 04:00:00+00:00,59228.73438,59337.68359,59074.13672,59101.87891,0
2024-08-31 08:00:00+00:00,59094.55078,59171.84375,58852.76172,59117.01172,0
2024-08-31 12:00:00+00:00,59116.64453,59229.84375,58926.35156,58999.04297,0
2024-08-31 16:00:00+00:00,59009.13281,59127.41797,58779.34375,58858.30469,0
2024-08-31 20:00:00+00:00,58864.46094,59126.99219,58798.75781,58965.375,0
2024-09-01 00:00:00+00:00,58966.27344,59042.51563,58308.25,58521.00391,1136892928
2024-09-01 04:00:00+00:00,58516.03516,58592.19531,57811.04297,58431.32422,2071561216
2024-09-01 08:00:00+00:00,58456.74609,58496.89063,57860.72656,58211.90625,1073007616
2024-09-01 12:00:00+00:00,58215.12109,58334.39453,57488.25781,58180.91406,3629188096
2024-09-01 16:00:00+00:00,58197.78516,58736.03125,57893.53906,58474.84766,1368913920
2024-09-01 20:00:00+00:00,58507.05078,58612.11719,57268.40625,57335.39063,3060088832
2024-09-02 00:00:00+00:00,57315.91016,57746.70703,57266.89453,57726.29297,2352951296
2024-09-02 04:00:00+00:00,57733.94531,57903.03516,57404.03516,57530.32031,373319680
2024-09-02 08:00:00+00:00,57534.3125,58660.30078,57534.3125,58418.47656,2620448768
2024-09-02 12:00:00+00:00,58417.89063,58758.39063,58103.20313,58551.10156,20936704
2024-09-02 16:00:00+00:00,58533.50781,58646.24609,58311.45313,58443.62109,222404608
2024-09-02 20:00:00+00:00,58441.97266,59349.10938,58407.20703,59101.74609,1457717248
2024-09-03 00:00:00+00:00,59140.20703,59781.04688,59064.97266,59096.51953,268021760
2024-09-03 04:00:00+00:00,59101.57422,59253.91016,58889.17578,59112.75,142262272
2024-09-03 08:00:00+00:00,59101.96094,59168.9375,58741.89063,59051.01563,0
2024-09-03 12:00:00+00:00,59056.53906,59314.33984,57593.91406,57679.83984,3278172160
2024-09-03 16:00:00+00:00,57730.58984,58220.8125,57597.75781,58018.10938,1572184064
2024-09-03 20:00:00+00:00,58065.71094,58202.42188,57464.14844,57464.14844,99565568
2024-09-04 00:00:00+00:00,57472.95313,57894.45703,55676.51953,56647.53516,4805173248
2024-09-04 04:00:00+00:00,56643.52344,56826.94141,56196.375,56739.92578,1780078592
2024-09-04 08:00:00+00:00,56739.44922,56883.82813,56460.83594,56588.25391,503992320
2024-09-04 12:00:00+00:00,56562.39063,58139.38672,56274.61328,58139.38672,2102511616
2024-09-04 16:00:00+00:00,58135.67188,58501.91406,57652.07813,58127.19141,1355440128
2024-09-04 20:00:00+00:00,58047.66016,58357.3125,57894.69141,57968.17188,120008704
2024-09-05 00:00:00+00:00,57969.75391,58280.16016,56972.01563,57112.09766,1040601088
2024-09-05 04:00:00+00:00,57104.72656,57272.98047,56573.35938,57158.89844,117506048
2024-09-05 08:00:00+00:00,57151.10547,57207.82031,56664.14844,56688.84375,288368640
2024-09-05 12:00:00+00:00,56689.93359,57225.73047,55870.86328,55987.69141,1402597376
2024-09-05 16:00:00+00:00,56003.11719,56681.32031,55861.25,55971.80859,566941696
2024-09-05 20:00:00+00:00,56017.79688,56234.67188,55806.03516,56159.30469,688939008
2024-09-06 00:00:00+00:00,56156.91406,56821.25,55990.10156,56586.53125,821669888
2024-09-06 04:00:00+00:00,56575.29688,56706.68359,55304.03516,55789.29688,2018684928
2024-09-06 08:00:00+00:00,55787.07422,56236.50781,55642.20703,55994.69141,1125976064
2024-09-06 12:00:00+00:00,55989.19922,56976.10938,53806.17188,54016.63281,6355687424
2024-09-06 16:00:00+00:00,54003.92969,54397.23438,53250.48828,53554.32422,5593944064
2024-09-06 20:00:00+00:00,53513.53906,53936.85156,52629.52344,53936.85156,4580630528
2024-09-07 00:00:00+00:00,53935.42969,54040.53125,53747.72656,53807.82031,63528960
2024-09-07 04:00:00+00:00,53804.57031,54362.60156,53803.17188,54266.1875,556023808
2024-09-07 08:00:00+00:00,54282.77344,54452.77344,54190.40625,54336.35938,0
2024-09-07 12:00:00+00:00,54372.73047,54808.88281,54372.73047,54787.37109,0
2024-09-07 16:00:00+00:00,54790.00391,54822.82813,54049.32422,54408.8125,0
2024-09-07 20:00:00+00:00,54422.74219,54422.74219,53829.40234,54152.64063,0
2024-09-08 00:00:00+00:00,54168.89063,54487.66406,53975.85938,54370.46484,61149184
2024-09-08 04:00:00+00:00,54381.47266,54546.38281,54284.76172,54414.30469,158855168
2024-09-08 08:00:00+00:00,54429.05469,54698.14453,54350.35938,54548.59766,172053504
2024-09-08 12:00:00+00:00,54549.03906,54564.94141,53733.8125,53773.28125,368868352
2024-09-08 16:00:00+00:00,53692.28516,54492.5625,53674.30469,54337.35938,142699520
2024-09-08 20:00:00+00:00,54338.10547,55290.71875,54195.65625,54819.75781,2392083456
2024-09-09 00:00:00+00:00,54864.86328,55340.42969,54740.60547,55128.90625,2718334976
2024-09-09 04:00:00+00:00,55118.61328,55143.46875,54600.52344,54960.00781,1259044864
2024-09-09 08:00:00+00:00,54975.52344,55516.46875,54975.52344,55250.74609,1787418624
2024-09-09 12:00:00+00:00,55256.98438,55747.11328,54848.59375,55400.25,3307030528
2024-09-09 16:00:00+00:00,55386.74219,57163.04297,55383.51563,57163.04297,6507675648
2024-09-09 20:00:00+00:00,57142.57031,57936.73438,56854.63672,57028.16016,2576748544
2024-09-10 00:00:00+00:00,57054.21094,57054.21094,56554.07813,56560.37109,102017024
2024-09-10 04:00:00+00:00,56546.17969,57282.97266,56425.56641,57206.94141,458244096
2024-09-10 08:00:00+00:00,57217.64844,57357.71094,56938.28516,57239.625,299741184
2024-09-10 12:00:00+00:00,57234.73828,57397.89844,56541.87891,56684.12109,123744256
2024-09-10 16:00:00+00:00,56595.60547,58015.01563,56595.60547,58011.03516,79947776
2024-09-10 20:00:00+00:00,57978.19141,57978.19141,57454.94141,57645.94922,0
2024-09-11 00:00:00+00:00,57634.66797,57736.58203,56711.67578,56788.88281,1872216064
2024-09-11 04:00:00+00:00,56812.98047,56812.98047,56151.76172,56714.19141,1295116288
2024-09-11 08:00:00+00:00,56705.66016,56846.28125,56382.66016,56769,1022642176
2024-09-11 12:00:00+00:00,56789.23828,57105.16406,55587.24609,56716.01172,3977115648
2024-09-11 16:00:00+00:00,56728.27344,57977.38281,56692.21875,57673.98438,2704711680
2024-09-11 20:00:00+00:00,57648.12891,57662.50391,57247.19141,57379.85938,0
2024-09-12 00:00:00+00:00,57344.03125,58446.21484,57344.03125,58251.64844,1339875328
2024-09-12 04:00:00+00:00,58249.70313,58423.27734,57873.42578,58119.05469,267927552
2024-09-12 08:00:00+00:00,58145.24609,58341.87109,57924.10156,58047.91016,334659584
2024-09-12 12:00:00+00:00,58055.50391,58506.21484,57360.32422,57506.42969,114356224
2024-09-12 16:00:00+00:00,57498.22266,58442.23047,57498.22266,58387.02734,829079552
2024-09-12 20:00:00+00:00,58383.67969,58383.67969,57829.8125,58119.39453,1400152064
2024-09-13 00:00:00+00:00,58129.22266,58226.26563,57850.91406,57850.91406,0
2024-09-13 04:00:00+00:00,57852.46094,58140.32813,57768.41406,58140.32813,0
2024-09-13 08:00:00+00:00,58123.46094,58338.51953,57852.71875,57852.71875,0
2024-09-13 12:00:00+00:00,57869.125,59712.27734,57658.73047,59621.03906,1784721408
2024-09-13 16:00:00+00:00,59674.44531,60012.1875,59338.38281,59700.98047,1456971776
2024-09-13 20:00:00+00:00,59761.87109,60640.19141,59673.39063,60593.83594,2875342848
2024-09-14 00:00:00+00:00,60544.22656,60645.54297,60327.08984,60379.34375,235257856
2024-09-14 04:00:00+00:00,60359.73438,60365.07422,59930.02734,60168.54297,327542784
2024-09-14 08:00:00+00:00,60165.48047,60178.71875,59637.14844,59736.85938,0
2024-09-14 12:00:00+00:00,59734.71094,60016.92969,59672.58594,59895.89453,0
2024-09-14 16:00:00+00:00,59893.10547,59996.75391,59541.28906,59820.45703,0
2024-09-14 20:00:00+00:00,59822.86328,60118.37891,59810.58984,60004.45313,0
2024-09-15 00:00:00+00:00,60007.73438,60272.41406,60007.73438,60165.60547,0
2024-09-15 04:00:00+00:00,60174.77734,60252.39453,60121.70313,60202.33984,0
2024-09-15 08:00:00+00:00,60204.19922,60212.94141,59927.71484,60013.19922,0
2024-09-15 12:00:00+00:00,60014.44531,60377.87891,59913.57031,60352.72656,637199360
2024-09-15 16:00:00+00:00,60346.125,60348.37109,59771.01563,59888.38281,1605139456
2024-09-15 20:00:00+00:00,59890.86328,59920.53516,58734.30078,59188.64453,3221709824
2024-09-16 00:00:00+00:00,59141.94922,59195.60938,58173.53516,58581.89453,4537831424
2024-09-16 04:00:00+00:00,58569.51172,58952.56641,58333.83203,58906.94922,2235916288
2024-09-16 08:00:00+00:00,58903.50781,59154.61719,58515.10938,58656.88672,2590969856
2024-09-16 12:00:00+00:00,58655.33984,58773.39844,57582.54297,57914.42578,4188692480
2024-09-16 16:00:00+00:00,57875.87109,58212.92969,57526.57422,57978.54297,2094254080
2024-09-16 20:00:00+00:00,57924.14063,58386.05859,57658.56641,58189.85547,385449984
2024-09-17 00:00:00+00:00,58204.09375,58336.74609,57643.33203,58058.48828,0
2024-09-17 04:00:00+00:00,58057.54688,58751.83984,58043.18359,58690.10156,124100608
2024-09-17 08:00:00+00:00,58694.80859,59273.88672,58649.67578,59114.56641,642729984
2024-09-17 12:00:00+00:00,59092.84766,61289.64063,58910.32422,61137.27344,6406739968
2024-09-17 16:00:00+00:00,61121.13672,61258.15625,59750.45703,60024.77734,2495074304
2024-09-17 20:00:00+00:00,59982.42578,60398.36719,59767.80469,60326.38281,979152896
2024-09-18 00:00:00+00:00,60316.38281,60716.76953,59913.91406,60526.79688,1252593664
2024-09-18 04:00:00+00:00,60518.12109,60678.96875,60231.16406,60445.30078,261021696
2024-09-18 08:00:00+00:00,60437.48438,60437.48438,59392.53125,59880.82813,839815168
2024-09-18 12:00:00+00:00,59853.79297,60140.04688,59353.96094,59476.66797,0
2024-09-18 16:00:00+00:00,59428.51172,61153.91797,59218.25391,60063.84766,7725678592
2024-09-18 20:00:00+00:00,60062.36328,61533.76563,59653.125,61516.20703,1934278656
2024-09-19 00:00:00+00:00,61760.10938,62540.09766,61609.86719,62104.41016,5096579072
2024-09-19 04:00:00+00:00,62119.37109,62180.41797,61861.71875,62094.35547,1442205696
2024-09-19 08:00:00+00:00,62097.58984,62702.86719,61906.47656,62685.52344,697552896
2024-09-19 12:00:00+00:00,62669.34375,63509.4375,62642.58203,63177.40625,4473815040
2024-09-19 16:00:00+00:00,63166.44141,63854.02344,63008.95313,63283.08984,1481433088
2024-09-19 20:00:00+00:00,63292.31641,63292.31641,62670.17188,62928.78906,498032640
2024-09-20 00:00:00+00:00,62958.39063,63644.16406,62636.74609,63607.88281,460214272
2024-09-20 04:00:00+00:00,63751.57422,64059.88281,63428.46875,63549.46484,3553832960
2024-09-20 08:00:00+00:00,63536.10156,63694.28516,63152.46484,63439.39063,501096448
2024-09-20 12:00:00+00:00,63444.35156,63511.99609,62586.25,63204.38281,221728768
2024-09-20 16:00:00+00:00,63148.57031,63260.61719,62388.29297,62952.44141,0
2024-09-20 20:00:00+00:00,62823.80078,63285.91797,62733.79297,63163.23047,179388416
2024-09-21 00:00:00+00:00,63199.53516,63293.97656,62846.53125,62890.34766,0
2024-09-21 04:00:00+00:00,62895.04297,63135.28906,62784.71875,63099.625,0
2024-09-21 08:00:00+00:00,63093.96094,63147.47266,62978.30859,63103.76172,0
2024-09-21 12:00:00+00:00,63097.55078,63300.11719,63064.89063,63204.09766,0
2024-09-21 16:00:00+00:00,63208.37891,63409.95313,63131.375,63207.55078,0
2024-09-21 20:00:00+00:00,63245.06641,63538.93359,63076.01953,63389.63281,402752512
2024-09-22 00:00:00+00:00,63420.44531,63452.08203,62853.45703,63126.25781,508866560
2024-09-22 04:00:00+00:00,63131.00391,63197.01563,62862.48438,62956.15625,11994112
2024-09-22 08:00:00+00:00,62939.81641,63041.03516,62598.16797,62827.80469,911618048
2024-09-22 12:00:00+00:00,62815.48438,62924.27344,62508.12109,62702.02344,609098752
2024-09-22 16:00:00+00:00,62676.03516,63225.96875,62496.03516,63178.17188,656564224
2024-09-22 20:00:00+00:00,63203.5,63983.56641,62445.51563,63652.66016,3942220800
2024-09-23 00:00:00+00:00,63614.17969,64733.55859,62630.01563,64349.20313,5139589120
2024-09-23 04:00:00+00:00,64370.69141,64451.96484,63429.94531,63550.58984,2667841536
2024-09-23 08:00:00+00:00,63554.44141,63686.57031,63334.24609,63407.48828,997922816
2024-09-23 12:00:00+00:00,63424.53906,63762.85547,63106.36719,63651.41016,3763523584
2024-09-23 16:00:00+00:00,63617.53516,63790.18359,63128.59766,63281.14453,1522765824
2024-09-23 20:00:00+00:00,63303.59375,63460.97656,63122.07813,63316.78516,203386880
2024-09-24 00:00:00+00:00,63328.78125,63394.46094,62740.75391,63114.89453,626472960
2024-09-24 04:00:00+00:00,63118.89453,63559.84766,62933.04297,63548.33594,0
2024-09-24 08:00:00+00:00,63552.16016,63914.63281,63395.70703,63466.83984,287037440
2024-09-24 12:00:00+00:00,63468.27344,63762.5625,62773.48438,63191.19141,723415040
2024-09-24 16:00:00+00:00,63173.06641,64287.42188,63120.75391,64284.71875,1811572736
2024-09-24 20:00:00+00:00,64316.32813,64629.11328,63994.44531,64317.44141,2240202752
2024-09-25 00:00:00+00:00,64269.98438,64772.03125,64082.10547,64448.82031,339017728
2024-09-25 04:00:00+00:00,64456.32031,64456.32031,63670.96484,63843.45313,490403840
2024-09-25 08:00:00+00:00,63836.39844,63897.46094,63433.10156,63834.78125,455604224
2024-09-25 12:00:00+00:00,63834.23047,63979.05859,63362.72656,63490.28906,281692160
2024-09-25 16:00:00+00:00,63495.08594,63652.99609,63004.55859,63219.82813,86290432
2024-09-25 20:00:00+00:00,63168.09766,63538.96484,62952.55078,63143.89844,0
2024-09-26 00:00:00+00:00,63139.60156,63514.47656,62669.26953,63471.25,159471616
2024-09-26 04:00:00+00:00,63499.3125,63852.98438,63330.69922,63835.34766,173060096
2024-09-26 08:00:00+00:00,63855.55859,64482.29297,63581.375,64401.35938,1764675584
2024-09-26 12:00:00+00:00,64401.28125,65473.30859,64203.37891,65273.96484,6744893440
2024-09-26 16:00:00+00:00,65249.50781,65747.74219,64819.99609,64819.99609,2595184640
2024-09-26 20:00:00+00:00,64750.05078,65238.28125,64679.12109,65182.53516,1237872640
2024-09-27 00:00:00+00:00,65179.78125,65393.02734,64854.99219,65373.53906,371126272
2024-09-27 04:00:00+00:00,65372.28125,65561.35938,65125.58594,65496.71875,1703276544
2024-09-27 08:00:00+00:00,65502.80078,65989.00781,65360.35156,65440.65234,1336160256
2024-09-27 12:00:00+00:00,65445.46484,66453.99219,65354.80078,66046.86719,0
2024-09-27 16:00:00+00:00,66035.36719,66362.78125,65583.875,65692.99219,0
2024-09-27 20:00:00+00:00,65690.00781,65976.14844,65651.45313,65801.46094,0
2024-09-28 00:00:00+00:00,65789.14844,66229.32813,65757.61719,66080.24219,0
2024-09-28 04:00:00+00:00,66081.95313,66103.46875,65771.61719,65847.67969,0
2024-09-28 08:00:00+00:00,65841.49219,65841.49219,65508.61328,65792.35156,0
2024-09-28 12:00:00+00:00,65798.8125,65810.61719,65464.63281,65633.9375,0
2024-09-28 16:00:00+00:00,65632.02344,65824.52344,65522.27734,65732.53125,0
2024-09-28 20:00:00+00:00,65741.89063,65948.39844,65469.97656,65895.14844,38201344
2024-09-29 00:00:00+00:00,65888.78125,65956.16406,65678.25,65820.53125,88033280
2024-09-29 04:00:00+00:00,65818.09375,65818.09375,65467.15234,65493.35156,135489536
2024-09-29 08:00:00+00:00,65484.51563,65725.21094,65454.41797,65699.79688,260235264
2024-09-29 12:00:00+00:00,65700.71875,65855.11719,65608.79688,65772.8125,455301120
2024-09-29 16:00:00+00:00,65759.58594,65978.40625,65671.07813,65976.07813,75421696
2024-09-29 20:00:00+00:00,65966.22656,66069.34375,65548.74219,65652.90625,1140952064
2024-09-30 00:00:00+00:00,65613.39063,65613.39063,64229.0625,64529.84766,4975734784
2024-09-30 04:00:00+00:00,64551.25391,64698.07031,64355.78125,64581.19922,1835257856
2024-09-30 08:00:00+00:00,64564.88672,64564.88672,63299.25781,63854.07031,5507874816
2024-09-30 12:00:00+00:00,63831.80859,64140.27734,63585.37109,63585.37109,3652032512
2024-09-30 16:00:00+00:00,63558.75,63691.10156,63081.37891,63588.38281,5088466944
2024-09-30 20:00:00+00:00,63453.49609,63834.79297,62931.32031,63312.28125,1405083648
2024-10-01 00:00:00+00:00,63320.25391,63679.0625,63014.27344,63679.0625,240807936
2024-10-01 04:00:00+00:00,63683.28516,64106.92188,63631.94922,64019.8125,750301184
2024-10-01 08:00:00+00:00,64028.71484,64074.70703,63724.23828,63733.51563,0
2024-10-01 12:00:00+00:00,63730.3125,63803.28516,61959.95313,62702.33203,6989266944
2024-10-01 16:00:00+00:00,62624.54688,62725,61076.96094,61726.22656,6441066496
2024-10-01 20:00:00+00:00,61720.08984,61724.87891,60221.6875,60858.91406,5444939776
2024-10-02 00:00:00+00:00,60824.83203,61854.58984,60753.125,61757.02734,512602112
2024-10-02 04:00:00+00:00,61751.46484,61900.60156,61360.43359,61733.68359,109404160
2024-10-02 08:00:00+00:00,61732.04297,61886,60908.875,61180.85938,1257046016
2024-10-02 12:00:00+00:00,61162.01172,61912.77734,60585.39453,61830.18359,645885952
2024-10-02 16:00:00+00:00,61883.82031,62322.40625,60019.35547,60341.50781,1217736704
2024-10-02 20:00:00+00:00,60175.875,60962.19922,60143.27734,60641.09375,0
2024-10-03 00:00:00+00:00,60636.19141,61449.83984,60542.91016,61449.83984,499085312
2024-10-03 04:00:00+00:00,61456.19141,61457.32813,60892.50781,60973.25781,419885056
2024-10-03 08:00:00+00:00,60958.41406,61039.375,60157.16797,60767.96875,1314590720
2024-10-03 12:00:00+00:00,60753.32813,60841.09766,59930.14063,60608.80078,778207232
2024-10-03 16:00:00+00:00,60617.16016,60989.94922,60038.16797,60984.95313,508637184
2024-10-03 20:00:00+00:00,61047.95703,61075.88281,60613.31641,60746.625,0
2024-10-04 00:00:00+00:00,60747.64063,61264.24219,60467.29688,60935.14063,261582848
2024-10-04 04:00:00+00:00,60945.32422,61471.07031,60945.32422,61451.94922,2564096
2024-10-04 08:00:00+00:00,61453.73828,61626.30859,61264.70703,61438.76172,0
2024-10-04 12:00:00+00:00,61433.92969,61914.98828,60809.96875,61833.66797,715403264
2024-10-04 16:00:00+00:00,61850.67188,62463.86328,61703.44531,62382.94922,179980288
2024-10-04 20:00:00+00:00,62395.70313,62464.60938,61994.08984,62056.09375,0
2024-10-05 00:00:00+00:00,62067.10156,62197.58203,61689.58203,61870.11719,132063232
2024-10-05 04:00:00+00:00,61878.95313,62252.34375,61831.12109,62091.13672,0
2024-10-05 08:00:00+00:00,62094.9375,62321.22656,62093.17578,62186.49219,19122176
2024-10-05 12:00:00+00:00,62185.58594,62370.57813,62124.8125,62170.0625,0
2024-10-05 16:00:00+00:00,62166.19922,62176.62891,61784.76172,61832.875,0
2024-10-05 20:00:00+00:00,61844.5625,62089.94531,61721.21875,62089.94531,0
2024-10-06 00:00:00+00:00,62066.37109,62143.23828,61883.11328,61896.91797,144497664
2024-10-06 04:00:00+00:00,61886.52734,62007.73828,61837.49219,61952.36328,0
2024-10-06 08:00:00+00:00,61956.03125,62146.16406,61926.89453,62107.50391,37165056
2024-10-06 12:00:00+00:00,62111.65234,62745.67188,62085.44531,62716.82422,1538455552
2024-10-06 16:00:00+00:00,62715.94922,62922.47656,62579.0625,62630.29688,545128448
2024-10-06 20:00:00+00:00,62632.46875,62899.46094,62308.55469,62820.15625,886689792
2024-10-07 00:00:00+00:00,62817.12891,63927.22656,62674.87109,63508.13281,4101173248
2024-10-07 04:00:00+00:00,63513.51563,63702.19141,63342.6875,63553.01563,1499467776
2024-10-07 08:00:00+00:00,63551.65625,63697.39063,62665.42188,63054.69922,3188428800
2024-10-07 12:00:00+00:00,63114.5625,64358.97656,62833.15625,63656.97266,5772570624
2024-10-07 16:00:00+00:00,63644.76953,63870.87891,62780.26953,63352.53125,3205402624
2024-10-07 20:00:00+00:00,63346.47266,63360.01172,62210.07031,62261.48438,1674594304
2024-10-08 00:00:00+00:00,62227.66406,62784.5,62226.50391,62590.23047,0
2024-10-08 04:00:00+00:00,62608.40625,62756.07031,62050.29297,62269.07031,772261888
2024-10-08 08:00:00+00:00,62286.90234,62617.55469,62236.21094,62610.23438,250859520
2024-10-08 12:00:00+00:00,62597.5625,63156.30469,61902.44141,62266.04297,371494912
2024-10-08 16:00:00+00:00,62253.39453,62527.58984,61875.32813,62300.26953,162560000
2024-10-08 20:00:00+00:00,62208.72656,62477.39453,62010.87891,62164.64844,0
2024-10-09 00:00:00+00:00,62122.83594,62436.94922,62008.77734,62339.625,180617216
2024-10-09 04:00:00+00:00,62344.16016,62499.32031,62174.88281,62244.27344,0
2024-10-09 08:00:00+00:00,62241.41406,62248.77734,62014.35547,62138.29297,0
2024-10-09 12:00:00+00:00,62145.99609,62336.30469,61617.98438,62278.21875,577306624
2024-10-09 16:00:00+00:00,62266.23047,62269.89063,60802.50391,61004.12109,2218049536
2024-10-09 20:00:00+00:00,60984.14844,61065.10547,60394.44922,60582.22656,976467968
2024-10-10 00:00:00+00:00,60580.85547,60893.08594,60351.39453,60808.14063,406806528
2024-10-10 04:00:00+00:00,60803.86328,61081.20703,60772.19531,60865.63672,178192384
2024-10-10 08:00:00+00:00,60851.74609,61221.04688,60600.10938,61192.79688,1031708672
2024-10-10 12:00:00+00:00,61215.87109,61223.60156,60416.29688,60732.06641,243605504
2024-10-10 16:00:00+00:00,60764.51172,60890.98828,58895.20703,59659.26953,3083335680
2024-10-10 20:00:00+00:00,59689.06641,60270.89063,59556.98828,60270.89063,425836544
2024-10-11 00:00:00+00:00,60280.33203,60638.69922,60048.89453,60591.875,218066944
2024-10-11 04:00:00+00:00,60581.69141,60863.69922,60541.94922,60641.03125,411138048
2024-10-11 08:00:00+00:00,60660.30469,61214.58594,60621.55078,61164.78906,497418240
2024-10-11 12:00:00+00:00,61137.82422,62416.00391,61121.27734,62416.00391,1627430912
2024-10-11 16:00:00+00:00,62280.76953,63372.82031,62135.46094,63017.21875,1539680256
2024-10-11 20:00:00+00:00,63084.94141,63155.21875,62352.51563,62417.61328,32356352
2024-10-12 00:00:00+00:00,62512.04688,63040.4375,62480.38672,62539.27344,323813376
2024-10-12 04:00:00+00:00,62539.87109,62760.73828,62539.87109,62747.26953,130648064
2024-10-12 08:00:00+00:00,62739.55078,63225.27344,62659.39453,62905.4375,193036288
2024-10-12 12:00:00+00:00,62916.83984,63438.76953,62837.99609,63121.12109,0
2024-10-12 16:00:00+00:00,63148.75391,63379.4375,62931.08203,63016.54688,0
2024-10-12 20:00:00+00:00,62999.87109,63350.11328,62999.87109,63196.03906,0
2024-10-13 00:00:00+00:00,63190.76953,63270.20313,62673.96484,62684.33203,61743104
2024-10-13 04:00:00+00:00,62694.11719,62954.69922,62694.11719,62834.20703,71213056
2024-10-13 08:00:00+00:00,62837.38281,62945.36719,62514.14844,62537.5,457504768
2024-10-13 12:00:00+00:00,62542.28516,62766.91406,62045.83984,62226.04297,263940096
2024-10-13 16:00:00+00:00,62215.28516,62802.42578,62173.88672,62708.03125,935302144
2024-10-13 20:00:00+00:00,62719.62891,63086.83594,62592.54297,62870.05078,1190665216
2024-10-14 00:00:00+00:00,62843.58594,64252.23438,62458,64236.48438,2951145472
2024-10-14 04:00:00+00:00,64246.40234,64600.07031,63783.03516,64578.03516,5436426240
2024-10-14 08:00:00+00:00,64577.75391,65059.85938,64326.57422,64893.58984,3666776064
2024-10-14 12:00:00+00:00,64877.8125,66232.88281,64649.04688,65974.39844,8043776000
2024-10-14 16:00:00+00:00,65834.80469,66045.28125,65520.73047,65904.42188,3575230464
2024-10-14 20:00:00+00:00,65922.28125,66457.46875,65753.60938,66055.4375,2278674432
2024-10-15 00:00:00+00:00,66064.08594,66290.0625,65316.75781,65316.75781,1181270016
2024-10-15 04:00:00+00:00,65358.69531,65785.61719,65221.72656,65644.20313,0
2024-10-15 08:00:00+00:00,65627.63281,65783.55469,65267.78906,65311.10547,0
2024-10-15 12:00:00+00:00,65360.63672,67857.42969,64856.53906,65932.53125,6438641664
2024-10-15 16:00:00+00:00,65999.875,67372.03125,65990.08594,66998.14063,3321974784
2024-10-15 20:00:00+00:00,66976.70313,67091.30469,66160.70313,67039.35156,1410940928
2024-10-16 00:00:00+00:00,67053.13281,67542.29688,66767.64844,67109.03125,1002934272
2024-10-16 04:00:00+00:00,67087.78906,67335.20313,66780.5,66959.02344,169259008
2024-10-16 08:00:00+00:00,66966,68333.82031,66944,68030.04688,3943952384
2024-10-16 12:00:00+00:00,67916.64844,68226.70313,67196.91406,67705.85938,798789632
2024-10-16 16:00:00+00:00,67728.1875,68039.5625,67505.27344,67783.28125,0
2024-10-16 20:00:00+00:00,67741.09375,67920.14063,67494.82031,67621.14063,0
2024-10-17 00:00:00+00:00,67607.53906,67910.15625,67419.76563,67594.09375,0
2024-10-17 04:00:00+00:00,67584.04688,67584.04688,67077.74219,67249.65625,427560960
2024-10-17 08:00:00+00:00,67256.05469,67470.8125,66798.14844,66853.09375,0
2024-10-17 12:00:00+00:00,66848.98438,67588.57813,66654.39844,67548.03906,313536512
2024-10-17 16:00:00+00:00,67558.17188,67558.17188,66713.94531,66800.85156,1073577984
2024-10-17 20:00:00+00:00,66822.00781,67458.02344,66822.00781,67315.75,570808320
2024-10-18 00:00:00+00:00,67411.1875,68161.91406,67181.98438,67572.98438,2122496000
2024-10-18 04:00:00+00:00,67527.61719,68289.38281,67527.61719,67947.92188,980033536
2024-10-18 08:00:00+00:00,67952.73438,68000.9375,67666.59375,67666.59375,157372416
2024-10-18 12:00:00+00:00,67676.69531,68832.45313,67629.63281,68779.82031,2208821248
2024-10-18 16:00:00+00:00,68716.375,68962.64063,68363.625,68585.34375,526073856
2024-10-18 20:00:00+00:00,68606.95313,68670.36719,68201.28906,68429.55469,350523392
2024-10-19 00:00:00+00:00,68421.5,68667.75,68297.66406,68442.86719,0
2024-10-19 04:00:00+00:00,68436.84375,68540.41406,68301.1875,68338.1875,0
2024-10-19 08:00:00+00:00,68331.77344,68450.64063,68081.53125,68081.53125,0
2024-10-19 12:00:00+00:00,68072.15625,68320.21875,68072.15625,68214.375,0
2024-10-19 16:00:00+00:00,68218.60938,68235.78125,68039.0625,68169.73438,0
2024-10-19 20:00:00+00:00,68170.94531,68389.74219,68167.03125,68369.39063,7382016
2024-10-20 00:00:00+00:00,68366.5625,68418.77344,68113.89063,68178.17969,67067904
2024-10-20 04:00:00+00:00,68180.97656,68411.73438,68162.84375,68366.85938,267158528
2024-10-20 08:00:00+00:00,68361.36719,68469.75781,68350.05469,68414.34375,68923392
2024-10-20 12:00:00+00:00,68414.22656,68738.01563,68209.45313,68595.19531,1723166720
2024-10-20 16:00:00+00:00,68604.07031,68643.78906,68436.48438,68488.96875,131155968
2024-10-20 20:00:00+00:00,68489.23438,69298.25781,68460.21875,68999.99219,3631699968
2024-10-21 00:00:00+00:00,69009.36719,69427.09375,68628.32031,68893.24219,3669649408
2024-10-21 04:00:00+00:00,68906.80469,69133.65625,68481.32813,68490.27344,1762353152
2024-10-21 08:00:00+00:00,68498.86719,68617.04688,68126.90625,68204.01563,2945667072
2024-10-21 12:00:00+00:00,68196.5,68270.02344,66832.29688,67216.17969,7421597696
2024-10-21 16:00:00+00:00,67290.65625,67881.21875,66899.92188,67844.125,5144371200
2024-10-21 20:00:00+00:00,67749.96094,67881.99219,67389.125,67389.125,317394944
2024-10-22 00:00:00+00:00,67358.80469,67642.9375,66611.57813,67351.57813,419590144
2024-10-22 04:00:00+00:00,67353.51563,67739.95313,67277.07813,67354.89063,293580800
2024-10-22 08:00:00+00:00,67353.84375,67423.28125,66730.60938,67263.09375,1407242240
2024-10-22 12:00:00+00:00,67260.6875,67626.02344,66623.57813,67274.59375,83775488
2024-10-22 16:00:00+00:00,67240.79688,67585.48438,66909.67969,67512.32813,0
2024-10-22 20:00:00+00:00,67474.04688,67783.75,67288.74219,67361.15625,66396160
2024-10-23 00:00:00+00:00,67375.85156,67383.33594,66885.10938,67024.79688,48209920
2024-10-23 04:00:00+00:00,67029.35156,67239.3125,66749.53125,66804.76563,253392896
2024-10-23 08:00:00+00:00,66794.45313,66954.28906,66191.53125,66344.03906,116580352
2024-10-23 12:00:00+00:00,66347.14063,66800.32813,65873.72656,66156.24219,1181202432
2024-10-23 16:00:00+00:00,66156.28125,66414.39063,65198.04297,66391.90625,4180731904
2024-10-23 20:00:00+00:00,66375.53906,66714.21094,66263.83594,66671,758048768
2024-10-24 00:00:00+00:00,66637.39063,67511.28906,66459.35938,67144.375,2151262208
2024-10-24 04:00:00+00:00,67144.00781,67388.53906,67021.57031,67021.57031,90386432
2024-10-24 08:00:00+00:00,67048.17188,67227.69531,66713.25781,67177.625,301801472
2024-10-24 12:00:00+00:00,67199.05469,67879.01563,67199.05469,67660.94531,1325502464
2024-10-24 16:00:00+00:00,67641.29688,68262.36719,67342.59375,68237.11719,0
2024-10-24 20:00:00+00:00,68247.05469,68779.92969,67978.80469,68171.65625,1392785408
2024-10-25 00:00:00+00:00,68160.875,68228.34375,67820.25781,67963.89844,0
2024-10-25 04:00:00+00:00,67967.21094,67992.99219,67253.39844,67456.65625,1021624320
2024-10-25 08:00:00+00:00,67460.25,68120.16406,67345.58594,68083.07031,538845184
2024-10-25 12:00:00+00:00,68071.32031,68703.55469,67445.875,67655.42969,1320015872
2024-10-25 16:00:00+00:00,67540.1875,67796.6875,65984.42188,66850.45313,7280662528
2024-10-25 20:00:00+00:00,66721.38281,67244.64844,65596.73438,66624.6875,3506216960
2024-10-26 00:00:00+00:00,66599.01563,66891.35156,66368.60938,66824.82813,1675874304
2024-10-26 04:00:00+00:00,66817.5625,67137.09375,66762.07031,66940.41406,0
2024-10-26 08:00:00+00:00,66935.57031,67158.59375,66893.83594,67051.89844,0
2024-10-26 12:00:00+00:00,67049.17188,67074.23438,66683.13281,66779.70313,0
2024-10-26 16:00:00+00:00,66793.60156,67093.89844,66759.375,67082.78125,0
2024-10-26 20:00:00+00:00,67085.69531,67314.0625,67009.85156,67009.85156,0
2024-10-27 00:00:00+00:00,67016.79688,67197.125,66850.9375,67178.53125,0
2024-10-27 04:00:00+00:00,67188.44531,67202.46094,67036.78906,67110.83594,0
2024-10-27 08:00:00+00:00,67111.9375,67167.95313,66967.72656,67043.54688,0
2024-10-27 12:00:00+00:00,67046.6875,67763.69531,67038.79688,67690.51563,506350592
2024-10-27 16:00:00+00:00,67750.10156,67888.32031,67486.57031,67729.375,462090240
2024-10-27 20:00:00+00:00,67757.19531,68221.3125,67662.36719,67933.29688,1820892160
2024-10-28 00:00:00+00:00,67974.59375,68009.45313,67602.64844,67645.78906,1450790912
2024-10-28 04:00:00+00:00,67647.92188,68551.21875,67543.76563,68343.05469,2616061952
2024-10-28 08:00:00+00:00,68332.61719,68742.75781,68159.76563,68669.5,2214385664
2024-10-28 12:00:00+00:00,68672.88281,69225.32031,68438.71875,68445.50781,5743347712
2024-10-28 16:00:00+00:00,68431.82031,69854.60938,68431.82031,69480.67188,6774061056
2024-10-28 20:00:00+00:00,69600.54688,70212.26563,69430.35938,69902.26563,3270553600
2024-10-29 00:00:00+00:00,69911.74219,71450.95313,69737.11719,70905.10156,6507589632
2024-10-29 04:00:00+00:00,70872.64844,71260.63281,70821.875,70916.21875,2305294336
2024-10-29 08:00:00+00:00,70934.6875,71541.27344,70934.6875,71412.32031,1436057600
2024-10-29 12:00:00+00:00,71395.96094,72382.25781,70938.22656,72382.25781,3923099648
2024-10-29 16:00:00+00:00,72401.17188,73546.47656,72400.13281,72787.375,5992140800
2024-10-29 20:00:00+00:00,72520.76563,72929.09375,71882.75,72729.89063,2363858944
2024-10-30 00:00:00+00:00,72707.63281,72707.63281,72032.0625,72215.97656,636149760
2024-10-30 04:00:00+00:00,72221.75,72566.28906,72104.55469,72203.69531,0
2024-10-30 08:00:00+00:00,72238.36719,72570.97656,71912.35156,71912.35156,489914368
2024-10-30 12:00:00+00:00,71954.28125,72418.32813,71462.375,72037.66406,1273569280
2024-10-30 16:00:00+00:00,72047.82031,72167.11719,71636.40625,71907.42188,0
2024-10-30 20:00:00+00:00,71835.64063,72902.21875,71703.41406,72343.90625,1087987712
2024-10-31 00:00:00+00:00,72334.60156,72562.01563,72034.57031,72308.32031,0
2024-10-31 04:00:00+00:00,72316.0625,72441.40625,72138.07031,72414.60938,111357952
2024-10-31 08:00:00+00:00,72404.97656,72647.05469,72145.48438,72205.70313,59383808
2024-10-31 12:00:00+00:00,72202.75781,72231.5,70435.03906,70620.73438,2785546240
2024-10-31 16:00:00+00:00,70564.67188,70838.80469,70116.90625,70151.48438,2439958528
2024-10-31 20:00:00+00:00,69967.27344,70522.46094,69647.19531,70241.57813,148082688
2024-11-01 00:00:00+00:00,70202.875,70362.10938,68801.53906,69294.35938,3781525504
2024-11-01 04:00:00+00:00,69284.22656,69607.72656,69032.10156,69213.74219,1357991936
2024-11-01 08:00:00+00:00,69204.71094,70143.83594,69186.29688,69952.125,1263775744
2024-11-01 12:00:00+00:00,69952.69531,71529.50781,69133.16406,69392.5,2391556096
2024-11-01 16:00:00+00:00,69364.04688,70428.60938,68823.0625,69188.19531,3303321600
2024-11-01 20:00:00+00:00,69233.02344,69548.85938,68886.00781,69494.73438,0
2024-11-02 00:00:00+00:00,69476.78125,69853.24219,69460.63281,69567.78906,0
2024-11-02 04:00:00+00:00,69569.6875,69790.09375,69451.875,69779.21094,0
2024-11-02 08:00:00+00:00,69776.07813,69802.64844,69407.66406,69597.19531,0
2024-11-02 12:00:00+00:00,69591.82813,69670.77344,69045.50781,69399.33594,0
2024-11-02 16:00:00+00:00,69371.75,69573.01563,69237.84375,69510.54688,0
2024-11-02 20:00:00+00:00,69497.91406,69546.11719,69151.57813,69280.52344,0
2024-11-03 00:00:00+00:00,69346.71875,69354.10156,67893.70313,68388.55469,4522985472
2024-11-03 04:00:00+00:00,68377.82031,68725.19531,68325.02344,68381.8125,1011668992
2024-11-03 08:00:00+00:00,68378.71875,68542.55469,68199.85938,68325.5625,1072068608
2024-11-03 12:00:00+00:00,68328.85938,68512.22656,67554.74219,68067.1875,2708238336
2024-11-03 16:00:00+00:00,68088.17188,68635.375,67747.01563,68616.15625,3711213568
2024-11-03 20:00:00+00:00,68649.34375,69285.21094,68536.29688,68746.71875,3754622976
2024-11-04 00:00:00+00:00,68746.78906,69410.17188,68261.33594,69021.03125,1137356800
2024-11-04 04:00:00+00:00,69025.67969,69297.99219,68588.91406,68588.91406,681271296
2024-11-04 08:00:00+00:00,68561.30469,68947.91406,68438.94531,68754.67188,1352814592
2024-11-04 12:00:00+00:00,68749.84375,69198.07031,68239.75,68648.66406,764698624
2024-11-04 16:00:00+00:00,68637.4375,68747.04688,67330.52344,67844.42188,2709987328
2024-11-04 20:00:00+00:00,67801.02344,68049.77344,66805.625,67779.88281,2819411968
2024-11-05 00:00:00+00:00,67785.19531,68123.34375,67509.375,68123.34375,278638592
2024-11-05 04:00:00+00:00,68182.60938,68916.85156,68182.60938,68850.98438,876498944
2024-11-05 08:00:00+00:00,68863.78906,69023.82031,68595.25781,68787.5625,357867520
2024-11-05 12:00:00+00:00,68788.28125,70219.89063,68667.98438,69542.45313,3553370112
2024-11-05 16:00:00+00:00,69587.55469,70415.78906,68814.10938,68814.10938,1460088832
2024-11-05 20:00:00+00:00,69018,69861.48438,68927.60938,69363.70313,2743955456
2024-11-06 00:00:00+00:00,69371.32031,74811.8125,69322.03125,74278.59375,25589776384
2024-11-06 04:00:00+00:00,74313.74219,75361.08594,73287.53125,73337.49219,21250080768
2024-11-06 08:00:00+00:00,73410.74219,74425.16406,72740.3125,74315.26563,11085971456
2024-11-06 12:00:00+00:00,74312.53906,74785.21875,73571.28906,74490.74219,4954439680
2024-11-06 16:00:00+00:00,74390.17188,75856.9375,74205.77344,75856.9375,5246238720
2024-11-06 20:00:00+00:00,75890.10156,76447.88281,75605.39063,75643.59375,4448108544
2024-11-07 00:00:00+00:00,75634.90625,76007.39844,75058.79688,75094.05469,0
2024-11-07 04:00:00+00:00,75086.97656,75086.97656,74494.9375,74823.67188,0
2024-11-07 08:00:00+00:00,74800.42188,75174.60156,74728.875,74764.49219,0
2024-11-07 12:00:00+00:00,74767.0625,75996.96875,74630.14844,75996.96875,0
2024-11-07 16:00:00+00:00,76103.85156,76661.52344,75653.28906,76547.32031,2281660416
2024-11-07 20:00:00+00:00,76560.23438,76902.14063,75538.24219,75958.28906,261095424
2024-11-08 00:00:00+00:00,75900.03125,76369.49219,75687.85938,75933.50781,292634624
2024-11-08 04:00:00+00:00,75940.57031,76311.10156,75762.54688,76244.875,1225924608
2024-11-08 08:00:00+00:00,76262.46094,76345.45313,75842.67969,76064.03906,125771776
2024-11-08 12:00:00+00:00,76021.53906,76577.19531,75706.53125,76407.40625,1654554624
2024-11-08 16:00:00+00:00,76467.38281,77252.75,75907.90625,77094.27344,0
2024-11-08 20:00:00+00:00,77023.88281,77145.66406,76379.10938,76527.92188,0
2024-11-09 00:00:00+00:00,76549.11719,76641.80469,76182.42969,76361.02344,0
2024-11-09 04:00:00+00:00,76365.76563,76779.0625,76347.125,76537.02344,509255680
2024-11-09 08:00:00+00:00,76559.49219,76714.85938,76421.39844,76522.47656,0
2024-11-09 12:00:00+00:00,76526.01563,76550.33594,76307.94531,76344.35938,0
2024-11-09 16:00:00+00:00,76340.44531,76667.83594,75789.47656,76232.52344,0
2024-11-09 20:00:00+00:00,76234.74219,76928.92969,76226.5625,76781.75781,1272580096
2024-11-10 00:00:00+00:00,76721.08594,77489.33594,76580.65625,77263.35156,4707584000
2024-11-10 04:00:00+00:00,77269.65625,79703.77344,77209.14063,78880.92188,13123428352
2024-11-10 08:00:00+00:00,78857.58594,79992.625,78857.58594,79992.625,5648576512
2024-11-10 12:00:00+00:00,79898.16406,80062.1875,79286.05469,79729.9375,9977901056
2024-11-10 16:00:00+00:00,79748.5,81007.58594,79464.29688,79661.71875,8925253632
2024-11-10 20:00:00+00:00,79756.79688,81456.67188,78716.84375,80458.02344,11181760512
2024-11-11 00:00:00+00:00,80444.125,81844.44531,80331.71875,81728.21094,2804072448
2024-11-11 04:00:00+00:00,81701.07813,81715.67188,80537.71875,81235.97656,0
2024-11-11 08:00:00+00:00,81195.38281,82368.14844,81093.48438,82235.57031,3555368960
2024-11-11 12:00:00+00:00,82201.76563,84223.30469,81568.54688,84177.41406,10918486016
2024-11-11 16:00:00+00:00,84103.9375,86586.89844,84023.42969,86267.75781,12506898432
2024-11-11 20:00:00+00:00,86267.77344,89581.16406,86267.77344,88605.96094,15912247296
2024-11-12 00:00:00+00:00,88741.78906,89476.02344,86723.60938,88187.19531,13440737280
2024-11-12 04:00:00+00:00,88189.53906,89939.19531,87847.60156,89142.80469,7174758400
2024-11-12 08:00:00+00:00,89086.09375,89381.625,85476.1875,87260.42969,16549183488
2024-11-12 12:00:00+00:00,87218.13281,87866.96094,85155.10938,86629.59375,4045291520
2024-11-12 16:00:00+00:00,86669.02344,89828.98438,85851.42188,88885.89844,0
2024-11-12 20:00:00+00:00,88827.39063,89847.85156,87550.1875,88111.125,0
2024-11-13 00:00:00+00:00,88032.28906,88577.74219,87178.38281,87240.85938,0
2024-11-13 04:00:00+00:00,87276.84375,87748.74219,86257.90625,87446.28125,0
2024-11-13 08:00:00+00:00,87465.41406,88054.94531,87236.47656,87795,0
2024-11-13 12:00:00+00:00,87793.375,92732.42969,87682.72656,92732.42969,10541285376
2024-11-13 16:00:00+00:00,92753.17188,93409.02344,90150.21875,90493.64063,7363198976
2024-11-13 20:00:00+00:00,90313.50781,91095.23438,88158.04688,90492.40625,5036335104
2024-11-14 00:00:00+00:00,90497.53906,90497.53906,89640.34375,90014.65625,0
2024-11-14 04:00:00+00:00,90017.96875,90862.50781,89222.60938,90853.98438,90742784
2024-11-14 08:00:00+00:00,90833.22656,91624.10156,90418.51563,91576.54688,2783436800
2024-11-14 12:00:00+00:00,91539.05469,91760.07813,88019.41406,88157.97656,78790656
2024-11-14 16:00:00+00:00,87948.41406,89669.92969,87755.60938,89422.85938,0
2024-11-14 20:00:00+00:00,89477.14063,89477.14063,86844.85938,87161.64844,755810304
2024-11-15 00:00:00+00:00,87302.53906,88463.14063,87302.53906,88270.42969,308682752
2024-11-15 04:00:00+00:00,88238.54688,88365.13281,87135.57031,87681.14844,288415744
2024-11-15 08:00:00+00:00,87665.49219,89735.9375,87457.09375,89735.9375,1008984064
2024-11-15 12:00:00+00:00,89745.5625,90677.17969,87814.17188,88353.375,1160060928
2024-11-15 16:00:00+00:00,88442.03125,90811.48438,88437.70313,90370.23438,1524776960
2024-11-15 20:00:00+00:00,90386.74219,91829.20313,90386.74219,91046.79688,297451520
2024-11-16 00:00:00+00:00,91041.71875,91685.89063,90912.73438,91319.71094,0
2024-11-16 04:00:00+00:00,91251.3125,91758.8125,91123.54688,91149.41406,0
2024-11-16 08:00:00+00:00,91134.07813,91589.82813,90990.07813,91178.32813,0
2024-11-16 12:00:00+00:00,91171.48438,91296.71875,90144.73438,90437.71875,0
2024-11-16 16:00:00+00:00,90543.03906,91408.42969,90273.66406,91107.17969,0
2024-11-16 20:00:00+00:00,91139.4375,91144.8125,90369.875,90585.78906,0
2024-11-17 00:00:00+00:00,90560.30469,90894.33594,89431.05469,90227.6875,1724383232
2024-11-17 04:00:00+00:00,90271.85156,90846.73438,90196.80469,90497.28125,712278016
2024-11-17 08:00:00+00:00,90527.34375,91414.5625,90510.28125,90741.27344,1105436672
2024-11-17 12:00:00+00:00,90712.22656,91116.51563,90004.5,90296.16406,803483648
2024-11-17 16:00:00+00:00,90263.4375,90612.03125,89743.07813,90099.44531,373530624
2024-11-17 20:00:00+00:00,90042.82813,90198.125,88779.14844,89834.99219,3180941312
2024-11-18 00:00:00+00:00,89849.76563,90840.91406,89698.75,90641.96875,723742720
2024-11-18 04:00:00+00:00,90659.54688,92163.42969,90451.01563,91782.03125,4820815872
2024-11-18 08:00:00+00:00,91741.03125,92168.96094,90111.28125,90261.92188,2696007680
2024-11-18 12:00:00+00:00,90267.19531,92530.73438,89501.9375,92421.39063,10805866496
2024-11-18 16:00:00+00:00,92379.90625,92596.78906,89775.08594,90696.53906,9693327360
2024-11-18 20:00:00+00:00,90720.55469,92035.5625,90314.89844,90550.32813,5092974592
2024-11-19 00:00:00+00:00,90489.14063,91551.27344,90427.92188,91485.15625,876167168
2024-11-19 04:00:00+00:00,91473.73438,92016.07031,91298.78906,91684.14063,1156268032
2024-11-19 08:00:00+00:00,91669.67969,91968.57031,91281.35938,91723.125,259997696
2024-11-19 12:00:00+00:00,91722.66406,92761.83594,91126.29688,92462.52344,3662438400
2024-11-19 16:00:00+00:00,92488.53125,93977.46094,92314.71875,93268.92969,4270997504
2024-11-19 20:00:00+00:00,93338.32031,93648.33594,91531.125,92362.74219,1619361792
2024-11-20 00:00:00+00:00,92381.0625,92488.75781,91641.90625,92139.65625,1485520896
2024-11-20 04:00:00+00:00,92137.61719,92886.48438,91981.84375,92886.48438,96886784
2024-11-20 08:00:00+00:00,92895.53906,93674.76563,92846.69531,93560.17969,2499706880
2024-11-20 12:00:00+00:00,93560.16406,94871.23438,93419.39844,94834.27344,509526016
2024-11-20 16:00:00+00:00,94853.51563,94854.01563,93300.82813,94029.71875,2546786304
2024-11-20 20:00:00+00:00,94082.13281,94662.89063,93898.55469,94211.42188,0
2024-11-21 00:00:00+00:00,94350.75781,95974.51563,94145.79688,95867.96875,5672361984
2024-11-21 04:00:00+00:00,95886.75,97805.60938,95886.75,97012.14844,13161783296
2024-11-21 08:00:00+00:00,96945.10938,98292.11719,96785.83594,97872.54688,4786626560
2024-11-21 12:00:00+00:00,97953.9375,98132.45313,95756.23438,96864.77344,4285079552
2024-11-21 16:00:00+00:00,96698.83594,98962.97656,96350.27344,98085.38281,3358466048
2024-11-21 20:00:00+00:00,97904.29688,98765.25,97740.79688,98504.76563,3380518912
2024-11-22 00:00:00+00:00,98453.70313,99292.8125,97949.46094,98914.40625,442253312
2024-11-22 04:00:00+00:00,98931.48438,99491.04688,98651.5,99266.82031,1620811776
2024-11-22 08:00:00+00:00,99293.79688,99314.42188,98337.10938,98934.25,383508480
2024-11-22 12:00:00+00:00,98935.72656,98985.98438,97276.46094,98850.86719,228777984
2024-11-22 16:00:00+00:00,98807.60938,99611.00781,98366.66406,99341.76563,52748288
2024-11-22 20:00:00+00:00,99192.08594,99480.67969,98719.97656,99000.17969,94470144
2024-11-23 00:00:00+00:00,99005.30469,99014.67969,98426.88281,98736.01563,0
2024-11-23 04:00:00+00:00,98760.09375,98890.89844,98421.78906,98664.10156,0
2024-11-23 08:00:00+00:00,98678.10156,98678.10156,98443.46094,98531.64844,0
2024-11-23 12:00:00+00:00,98548.07813,98937.80469,98520.05469,98604.27344,0
2024-11-23 16:00:00+00:00,98589.76563,98613.15625,97500.08594,97641.5625,945868800
2024-11-23 20:00:00+00:00,97619.25781,98114.35938,97272.59375,97780.60156,0
2024-11-24 00:00:00+00:00,97769.33594,98624.60938,97769.33594,98245.75781,21286912
2024-11-24 04:00:00+00:00,98290.125,98504.52344,98046.34375,98445.46875,636760064
2024-11-24 08:00:00+00:00,98491.22656,98522.92188,97374.96875,97374.96875,1041829888
2024-11-24 12:00:00+00:00,97389.27344,97706.28125,96016.58594,96028.0625,6504804352
2024-11-24 16:00:00+00:00,95966.26563,96725.77344,95795.44531,96392.07813,429928448
2024-11-24 20:00:00+00:00,96359.125,98420.5625,96258.11719,97890.21875,3625369600
2024-11-25 00:00:00+00:00,97939.47656,98110.03125,97028.69531,97936.99219,1363406848
2024-11-25 04:00:00+00:00,97961.10156,98463.58594,97719.49219,98148.80469,2313199616
2024-11-25 08:00:00+00:00,98152.97656,98894.6875,98012.625,98282.95313,3027697664
2024-11-25 12:00:00+00:00,98275.71875,98360.86719,94903.4375,96147.07031,7912972288
2024-11-25 16:00:00+00:00,96015.58594,96459.83594,94488.5,94745.85156,7466418176
2024-11-25 20:00:00+00:00,94688.21094,95297.8125,92853.11719,93106.53906,9805201408
2024-11-26 00:00:00+00:00,93027.55469,94913.71875,92856,94588.5,4152868864
2024-11-26 04:00:00+00:00,94496.34375,94984.61719,93653.04688,93924.35156,497967104
2024-11-26 08:00:00+00:00,93821.24219,93821.24219,91546.92188,92365.70313,8458608640
2024-11-26 12:00:00+00:00,92368,93500.42969,91813.23438,92920.99219,6632071168
2024-11-26 16:00:00+00:00,92865.52344,94612.52344,91623.96875,91660.5625,772653056
2024-11-26 20:00:00+00:00,91684.90625,92311.44531,90798.07813,91964.92969,2240233472
2024-11-27 00:00:00+00:00,91938.32031,92987.19531,91804.36719,92599.05469,602529792
2024-11-27 04:00:00+00:00,92558.10938,93622.23438,92378.60938,93576.76563,1556094976
2024-11-27 08:00:00+00:00,93582.78906,93866.64844,93132.84375,93359.94531,0
2024-11-27 12:00:00+00:00,93375.91406,95895.26563,92872.75,95832.71094,532873216
2024-11-27 16:00:00+00:00,95724.89063,96689.25781,95284.17188,96689.25781,656941056
2024-11-27 20:00:00+00:00,96749.65625,97357.99219,95881.35938,95981.17188,438124544
2024-11-28 00:00:00+00:00,95948.74219,96650.20313,94919.14844,95614.29688,880771072
2024-11-28 04:00:00+00:00,95555.16406,95948.42969,95188.5,95291.25,208650240
2024-11-28 08:00:00+00:00,95347.91406,95752.65625,94689.20313,95562.9375,1298841600
2024-11-28 12:00:00+00:00,95483.89844,96214.00781,94953.97656,95016.07031,0
2024-11-28 16:00:00+00:00,95015.67969,95440.10156,94875.46094,95110.20313,0
2024-11-28 20:00:00+00:00,95121.78906,96004.85938,94729.71875,95654.77344,0
2024-11-29 00:00:00+00:00,95675.89844,96861.96094,95433.33594,96590.64063,361037824
2024-11-29 04:00:00+00:00,96617.53906,96621.11719,95614.84375,95614.84375,160157696
2024-11-29 08:00:00+00:00,95639.10938,97366.86719,95639.10938,97288.28125,167706624
2024-11-29 12:00:00+00:00,97281.32031,98631.94531,96803.96875,98326.85156,4489170944
2024-11-29 16:00:00+00:00,98157.375,98494.47656,97000.58594,97422.59375,4913000448
2024-11-29 20:00:00+00:00,97419.59375,97689.78906,97113.42969,97443.35156,365420544
2024-11-30 00:00:00+00:00,97486.30469,97486.30469,96395.29688,96662,372224000
2024-11-30 04:00:00+00:00,96677.71875,97252.25,96608.94531,96815.0625,1178509312
2024-11-30 08:00:00+00:00,96819.73438,96996.41406,96177.95313,96298.19531,0
2024-11-30 12:00:00+00:00,96299.30469,96766.375,96299.30469,96726.07813,0
2024-11-30 16:00:00+00:00,96702.82031,97087.70313,96577.54688,97068,0
2024-11-30 20:00:00+00:00,97073.40625,97095.96875,96382.10156,96458.96094,21448704
2024-12-01 00:00:00+00:00,96475.82813,96691.03906,95813.47656,96366.03906,1503078400
2024-12-01 04:00:00+00:00,96361.58594,96539.19531,96258.51563,96514.13281,0
2024-12-01 08:00:00+00:00,96515.92188,97193.82031,96505.71875,97172.45313,1443631104
2024-12-01 12:00:00+00:00,97174.71094,97439.73438,96793.08594,97087.52344,1791985664
2024-12-01 16:00:00+00:00,97105.67188,97555.96875,97060.71094,97239.42969,1401980928
2024-12-01 20:00:00+00:00,97230.71094,97856.21094,96892.0625,97287.14063,2999670784
2024-12-02 00:00:00+00:00,97280.26563,98140.44531,96540.29688,96634.70313,3089825792
2024-12-02 04:00:00+00:00,96555.39844,96944.01563,95852.95313,96063.97656,6207086592
2024-12-02 08:00:00+00:00,96038.17969,96141.38281,94862.10938,95172.47656,6197166080
2024-12-02 12:00:00+00:00,95142.24219,97262.6875,94877.0625,97200.32031,8354979840
2024-12-02 16:00:00+00:00,97164.76563,97382.35156,94620.70313,95824.22656,11080556544
2024-12-02 20:00:00+00:00,95829.86719,96324.78906,95179.47656,95851.26563,2182160384
2024-12-03 00:00:00+00:00,95855.92969,96257.70313,95440.28906,96093.35156,241713152
2024-12-03 04:00:00+00:00,96095.375,96243.35938,95335.38281,95633.77344,42127360
2024-12-03 08:00:00+00:00,95581.23438,95676.44531,94691.28906,95027.14844,319090688
2024-12-03 12:00:00+00:00,95004.86719,96172.66406,93645.63281,95700.99219,7749865472
2024-12-03 16:00:00+00:00,95707.19531,96143.64844,94945.38281,95471.60156,0
2024-12-03 20:00:00+00:00,95470.47656,96192.72656,95326.17188,96005.58594,1058283520
2024-12-04 00:00:00+00:00,95936.10938,96648.71875,95458.24219,95838.09375,2398904320
2024-12-04 04:00:00+00:00,95841.54688,96753.6875,95804.53125,96632.03906,820436992
2024-12-04 08:00:00+00:00,96662.97656,97016.89844,96258.85156,96302.86719,375578624
2024-12-04 12:00:00+00:00,96256.32031,96561.04688,95496.92188,95806.61719,290729984
2024-12-04 16:00:00+00:00,95837.67969,97306.42188,94741.98438,97306.42188,3335258112
2024-12-04 20:00:00+00:00,97312.20313,99207.32813,97312.20313,98928.64063,13651312640
2024-12-05 00:00:00+00:00,98690.76563,103541.8438,98112.32813,103090.0391,26928521216
2024-12-05 04:00:00+00:00,103041.3516,103511.5625,101426.8984,102357.4219,17204879360
2024-12-05 08:00:00+00:00,102296.4766,103191.5469,102296.4766,102693.4844,7030890496
2024-12-05 12:00:00+00:00,102643.1484,103565.8828,101170.7656,101507.0703,8706088960
2024-12-05 16:00:00+00:00,101416.4531,102033.0625,98888.82031,98968.91406,6032179200
2024-12-05 20:00:00+00:00,99057.75,99540.625,94035.21875,97078.97656,12339757056
2024-12-06 00:00:00+00:00,97060.82031,98806.64844,96546.45313,97721.82031,3622731776
2024-12-06 04:00:00+00:00,97769.26563,98295.63281,97439.90625,98179.0625,0
2024-12-06 08:00:00+00:00,98189.69531,98742.05469,97807.03906,98163.03906,471826432
2024-12-06 12:00:00+00:00,98253.5,99553.88281,97694.26563,99218.05469,1929732096
2024-12-06 16:00:00+00:00,99422.5625,101920.875,98915.79688,101604.4922,3055263744
2024-12-06 20:00:00+00:00,101622.9297,102029.0391,99523.03906,99899.78906,0
2024-12-07 00:00:00+00:00,99869.97656,100559.6953,99450.85156,99450.85156,0
2024-12-07 04:00:00+00:00,99435.45313,99776.92969,99142.08594,99573.95313,0
2024-12-07 08:00:00+00:00,99532.89063,99912.625,99405.125,99749.38281,0
2024-12-07 12:00:00+00:00,99729.92969,99879.10156,99188.05469,99879.10156,0
2024-12-07 16:00:00+00:00,99853.07813,100310.9141,99554.69531,100200.8438,0
2024-12-07 20:00:00+00:00,100174.3516,100479.5625,99703.85156,99914.65625,0
2024-12-08 00:00:00+00:00,99908.53906,100404.9609,99758.57813,100000.2266,102068224
2024-12-08 04:00:00+00:00,100011.9297,100079.2891,99449.61719,99755.3125,0
2024-12-08 08:00:00+00:00,99748.36719,99840.60156,98778.82031,99768.34375,1257906176
2024-12-08 12:00:00+00:00,99763.96094,100499.5625,99458.22656,99958.71094,2837925888
2024-12-08 16:00:00+00:00,99984.14063,100148.0391,99562.89844,99980.47656,695373824
2024-12-08 20:00:00+00:00,100141.0859,101352.5391,99773.72656,101346.7109,2165186560
2024-12-09 00:00:00+00:00,101212.4766,101222.7031,98766.5625,99100.39063,7704076288
2024-12-09 04:00:00+00:00,99144.29688,99718.01563,98451.07813,99600.89063,5583265792
2024-12-09 08:00:00+00:00,99602.38281,99681.15625,98021.96094,98021.96094,6349463552
2024-12-09 12:00:00+00:00,98059.28906,100416.0781,97523.61719,97894.14063,11494191104
2024-12-09 16:00:00+00:00,97789.35156,98319.01563,96980.53906,97000.07031,11746443264
2024-12-09 20:00:00+00:00,96990.71094,97496.48438,95042.92188,97485.72656,23777083392
2024-12-10 00:00:00+00:00,97391.32813,98115.53125,95795.14063,96785.57813,4738031616
2024-12-10 04:00:00+00:00,96962.14844,97473.23438,96069.75,97210.41406,2686722048
2024-12-10 08:00:00+00:00,97216.98438,97905.23438,97044.42969,97868.92188,140959744
2024-12-10 12:00:00+00:00,97820.65625,98234.03125,95689.04688,95689.04688,1127399424
2024-12-10 16:00:00+00:00,95701.61719,96407.01563,94383.07813,95926.375,9460391936
2024-12-10 20:00:00+00:00,95904.22656,97238.91406,95666.89844,96681.91406,0
2024-12-11 00:00:00+00:00,96652.28125,97611.11719,95796.85156,97435.21875,580509696
2024-12-11 04:00:00+00:00,97408.84375,97807.32031,97234.00781,97404.82813,0
2024-12-11 08:00:00+00:00,97417.40625,98486.75781,97381.14844,98332.57031,835346432
2024-12-11 12:00:00+00:00,98330.50781,100731.9219,98141.89063,100446.0938,1886724096
2024-12-11 16:00:00+00:00,100462.5234,101219.0391,99747.35156,101178.0547,107102208
2024-12-11 20:00:00+00:00,101214.8516,101899.5156,100977.875,101160.0391,532529152
2024-12-12 00:00:00+00:00,101189.0859,101819.7109,100421.8438,100907.5078,563527680
2024-12-12 04:00:00+00:00,101080.875,101221.3438,100483.2969,100515.8984,661020672
2024-12-12 08:00:00+00:00,100514.1719,101089.9844,100240.3984,100258.7656,65748992
2024-12-12 12:00:00+00:00,100360.3438,101814.75,100360.3438,101733.7109,806658048
2024-12-12 16:00:00+00:00,101841.5781,102507.0391,99368.0625,99453.17969,892764160
2024-12-12 20:00:00+00:00,99504.28906,100437.5,99504.28906,100057.3281,0
2024-12-13 00:00:00+00:00,100030.8516,100330.3516,99237.88281,99761.95313,485474304
2024-12-13 04:00:00+00:00,99751.40625,100239.6641,99556.10938,100239.6641,922079232
2024-12-13 08:00:00+00:00,100171.4766,100640.8594,99929.96875,100439.9219,117669888
2024-12-13 12:00:00+00:00,100378.1484,101368.2813,99825.91406,99829.96875,0
2024-12-13 16:00:00+00:00,99893.92188,101861.1641,99893.92188,101535.5781,1718624256
2024-12-13 20:00:00+00:00,101523.4531,101864.8281,101138.0391,101453.8203,0
2024-12-14 00:00:00+00:00,101434.6172,102602.75,101158,102116.7031,2135351296
2024-12-14 04:00:00+00:00,102086.7578,102127.5859,101625.25,101858.4297,149590016
2024-12-14 08:00:00+00:00,101813.1953,101840.8984,101342.5547,101573.1094,0
2024-12-14 12:00:00+00:00,101556.6875,101706.4844,100859.5547,101604.9297,779816960
2024-12-14 16:00:00+00:00,101610.8828,101683.8984,100837.2422,101299.3438,0
2024-12-14 20:00:00+00:00,101315.875,101425.4453,100664.5391,101373.125,0
2024-12-15 00:00:00+00:00,101393.6797,102124.2188,101227.9531,101733.4766,0
2024-12-15 04:00:00+00:00,101697.9375,102731.3047,101539.2656,101703.4609,1885855744
2024-12-15 08:00:00+00:00,101718.0391,102617.5391,101621.8281,102617.5391,1000062976
2024-12-15 12:00:00+00:00,102632.9531,103234.0469,102441.5313,102737.5313,3988680704
2024-12-15 16:00:00+00:00,102679.0859,103366.1563,102579.9609,103219.8594,1134481408
2024-12-15 20:00:00+00:00,103212.7656,104971.7266,102640.2266,104255.5703,8342728704
2024-12-16 00:00:00+00:00,104447.6641,106408.8828,104311.125,104537.1875,12229705728
2024-12-16 04:00:00+00:00,104537.8984,105321.7422,104453.6328,104953.8281,1608638464
2024-12-16 08:00:00+00:00,104958.6016,104958.6016,103622.8438,103686.0625,3635306496
2024-12-16 12:00:00+00:00,103720.0859,106435.7422,103377.9453,106309.8438,9566654464
2024-12-16 16:00:00+00:00,106331.2422,107756.8359,105897.1563,106599.1875,16740319232
2024-12-16 20:00:00+00:00,106600.9063,106647.9297,105506.1016,105984.7422,3712565248
2024-12-17 00:00:00+00:00,106052.0156,106923.5781,105761.4531,106841.9297,0
2024-12-17 04:00:00+00:00,106864.0313,107062.7031,106374.4219,106803.7969,432644096
2024-12-17 08:00:00+00:00,106808.8125,107473.6953,106767.625,106873.1172,794214400
2024-12-17 12:00:00+00:00,106800.5234,108240.0859,105803.125,106493.2891,300335104
2024-12-17 16:00:00+00:00,106465.0625,107625.1563,106188.7578,106493.6875,0
2024-12-17 20:00:00+00:00,106472.3984,106862.2813,105340.6719,106131.6641,1540820992
2024-12-18 00:00:00+00:00,106145.0156,106449.8125,104600.6563,104799.5938,3159265280
2024-12-18 04:00:00+00:00,104737.1875,104737.1875,103258.1094,104276.6484,8394285056
2024-12-18 08:00:00+00:00,104231.7266,104956.8516,103720.0938,104956.8516,62857216
2024-12-18 12:00:00+00:00,104977.9453,105294.5234,103696.8047,104429.9375,546086912
2024-12-18 16:00:00+00:00,104392.1328,104921.2891,102911.7734,102911.7734,3314745344
2024-12-18 20:00:00+00:00,102733.0234,102757.7734,100104.4766,100104.4766,18560811008
2024-12-19 00:00:00+00:00,100150.2813,101190.8047,98963.01563,101162.6406,7836647424
2024-12-19 04:00:00+00:00,101123.125,101666.0391,100619.8516,101643.8047,0
2024-12-19 08:00:00+00:00,101596.8047,102525.2344,101343.8359,102382,1383219200
2024-12-19 12:00:00+00:00,102375.1719,102715.2031,99479.625,100578.9844,3061776384
2024-12-19 16:00:00+00:00,100585.6953,101038.1016,96212.70313,97021.625,9851969536
2024-12-19 20:00:00+00:00,97085.24219,98281.77344,95612.72656,97622.69531,7938048
2024-12-20 00:00:00+00:00,97406.45313,97678.08594,95914.375,97039.39844,523427840
2024-12-20 04:00:00+00:00,97017.82813,98017.5,96330.89063,97652.21875,4218232832
2024-12-20 08:00:00+00:00,97718.49219,97718.49219,92627.77344,92832.44531,14956265472
2024-12-20 12:00:00+00:00,92572.82813,97390.53125,92265.32813,97001.70313,11937775616
2024-12-20 16:00:00+00:00,96928.89844,97716.71094,96423.71875,97161.42188,419438592
2024-12-20 20:00:00+00:00,97084.10156,97751.21875,95494.91406,97741.66406,0
2024-12-21 00:00:00+00:00,97768.99219,97787.08594,97171.51563,97390.91406,0
2024-12-21 04:00:00+00:00,97409.89063,99485.99219,97358.63281,99128.13281,171188224
2024-12-21 08:00:00+00:00,98987.84375,99103.50781,97791.36719,98256.25781,0
2024-12-21 12:00:00+00:00,98232.28906,98232.28906,96469.47656,97483.14844,0
2024-12-21 16:00:00+00:00,97477.13281,97655.61719,96806.30469,97210.11719,0
2024-12-21 20:00:00+00:00,97211.80469,97962.58594,96597.60938,97239.21094,0
2024-12-22 00:00:00+00:00,97225.83594,97358.14844,96535.10156,96900.40625,413405184
2024-12-22 04:00:00+00:00,96917.09375,96949.63281,95852.71094,96071.20313,519983104
2024-12-22 08:00:00+00:00,96112.3125,97240.0625,96112.3125,97111.19531,0
2024-12-22 12:00:00+00:00,97035.48438,97187.47656,95087.48438,95317.76563,1318789120
2024-12-22 16:00:00+00:00,95303.11719,96351.10156,94692.02344,94692.02344,729169920
2024-12-22 20:00:00+00:00,94712.42969,95637.27344,94204,95076.63281,1846235136
2024-12-23 00:00:00+00:00,95092.57031,95884.32031,93712.58594,95884.32031,5307650048
2024-12-23 04:00:00+00:00,95901.35156,96392.32813,94673.15625,95319.125,1748439040
2024-12-23 08:00:00+00:00,95310.0625,96390.03125,94996.61719,95803.39063,2771828736
2024-12-23 12:00:00+00:00,95811,96275.4375,93052.26563,93052.26563,4772745216
2024-12-23 16:00:00+00:00,93125.70313,94082.74219,92625.1875,92888.64063,4648050688
2024-12-23 20:00:00+00:00,92896.03906,95349.76563,92403.13281,94687.77344,3195146240
2024-12-24 00:00:00+00:00,94759.36719,94759.36719,93468.6875,94194.875,0
2024-12-24 04:00:00+00:00,94217.875,94497.03906,93705.3125,94101.375,0
2024-12-24 08:00:00+00:00,94088.28906,94478.85938,93744.45313,94242.5625,0
2024-12-24 12:00:00+00:00,94260.99219,98112.76563,93952.36719,98102.625,298553344
2024-12-24 16:00:00+00:00,98188.88281,99315.15625,97612.74219,97628.25781,169598976
2024-12-24 20:00:00+00:00,97569.4375,98988.13281,97247.16406,98706.67969,0
2024-12-25 00:00:00+00:00,98623.50781,98754.13281,97723.36719,97958.64063,0
2024-12-25 04:00:00+00:00,97970.98438,98471.35156,97809.27344,98004.63281,0
2024-12-25 08:00:00+00:00,98017.05469,99201.5,97888,97980.21875,1722335232
2024-12-25 12:00:00+00:00,97829.75,98728.88281,97622.99219,98487.39063,1646743552
2024-12-25 16:00:00+00:00,98435.86719,99165.94531,98055.98438,98944.25,0
2024-12-25 20:00:00+00:00,98932.59375,99475.42188,98341.46875,99435.17188,754800640
2024-12-26 00:00:00+00:00,99376,99800.57813,98497.99219,98912.03906,2237306880
2024-12-26 04:00:00+00:00,98883.48438,98883.48438,97715.35938,97768.89844,1562169344
2024-12-26 08:00:00+00:00,97700.63281,97700.63281,95171.57031,95585.22656,4825853952
2024-12-26 12:00:00+00:00,95572.89063,96147.3125,95204.71875,95962.58594,3563098112
2024-12-26 16:00:00+00:00,95953.59375,96503.67188,95368.45313,96027.9375,2872188928
2024-12-26 20:00:00+00:00,96005.16406,96005.16406,95261.22656,95714.35938,347729920
2024-12-27 00:00:00+00:00,95652.46094,96293.96094,95304.45313,96258.85156,349515776
2024-12-27 04:00:00+00:00,96295.21094,96447.82031,94664.08594,94899.26563,1907318784
2024-12-27 08:00:00+00:00,94996.26563,97144.59375,94996.26563,96820.02344,1222471680
2024-12-27 12:00:00+00:00,96815.97656,96891.77344,93907.875,94421.14063,2296983552
2024-12-27 16:00:00+00:00,94400.94531,94825.80469,93342.55469,94574.625,3281895424
2024-12-27 20:00:00+00:00,94603.88281,94653.07813,94013.94531,94161.54688,325136384
2024-12-28 00:00:00+00:00,94159.82813,94534.58594,94027.41406,94440.60156,0
2024-12-28 04:00:00+00:00,94445.54688,94629.34375,94152.19531,94224.5,0
2024-12-28 08:00:00+00:00,94207.67188,94690.75,94174.59375,94609.91406,0
2024-12-28 12:00:00+00:00,94610.45313,95114.08594,94241.25781,94241.25781,0
2024-12-28 16:00:00+00:00,94265.91406,95065.98438,94265.91406,94848.0625,0
2024-12-28 20:00:00+00:00,94859.75,95362.5625,94712.32031,95204.75781,0
2024-12-29 00:00:00+00:00,95143.11719,95143.11719,94701.89063,95004.19531,0
2024-12-29 04:00:00+00:00,95003.49219,95101.21094,94832.71875,95092.48438,31410176
2024-12-29 08:00:00+00:00,95095.3125,95097.38281,94883.39063,94883.39063,0
2024-12-29 12:00:00+00:00,94895.83594,95059.78906,93973.52344,94436.5625,845209600
2024-12-29 16:00:00+00:00,94380.9375,94380.9375,93274.23438,93458.66406,2554767360
2024-12-29 20:00:00+00:00,93460.45313,93711.14063,92897.875,93616.41406,3884427264
2024-12-30 00:00:00+00:00,93508.36719,93961.08594,93226.625,93487.3125,3545604096
2024-12-30 04:00:00+00:00,93513.4375,93794.49219,93056.99219,93569.61719,2694776832
2024-12-30 08:00:00+00:00,93555.70313,93876.4375,93329.22656,93741.49219,1931988992
2024-12-30 12:00:00+00:00,93744.98438,94074.70313,91347.03125,91911.45313,9241718784
2024-12-30 16:00:00+00:00,91888.14063,94568.28906,91679.88281,94291.04688,6483324928
2024-12-30 20:00:00+00:00,94318.72656,94835.9375,91788.61719,92645.33594,3491360768
